query	pos	domain	url
прокат квадроциклов подмосковье	1	crossmania.club	https://crossmania.club/atv
прокат квадроциклов подмосковье	2	atvpark.ru	https://atvpark.ru/
прокат квадроциклов подмосковье	3	rao.moscow	https://rao.moscow/quadbike
прокат квадроциклов подмосковье	4	quadrider.ru	https://www.quadrider.ru/
прокат квадроциклов подмосковье	5	kvadro-time.ru	https://kvadro-time.ru/
прокат квадроциклов подмосковье	6	motokvadroclub.ru	https://motokvadroclub.ru/atv
прокат квадроциклов подмосковье	7	pitbikepark.ru	https://pitbikepark.ru/prokat-tehniki/kvadroczikly/
прокат квадроциклов подмосковье	8	bambiland.ru	https://bambiland.ru/uslugi/katanie-na-kvadrociklah/
прокат квадроциклов подмосковье	9	progulkipro.ru	https://progulkipro.ru/moscow
прокат квадроциклов подмосковье	10	vezdehod-store.ru	https://vezdehod-store.ru/vezdehod-club/
прокат квадроциклов	1	crossmania.club	https://crossmania.club/atv
прокат квадроциклов	2	rao.moscow	https://rao.moscow/quadbike
прокат квадроциклов	3	atvpark.ru	https://atvpark.ru/prokat-kvadrotsyklov/
прокат квадроциклов	4	progulkipro.ru	https://progulkipro.ru/moscow
прокат квадроциклов	5	kvadroride.ru	https://www.kvadroride.ru/kvadro/
прокат квадроциклов	6	kvadro-time.ru	https://kvadro-time.ru/
прокат квадроциклов	7	avito.ru	https://www.avito.ru/moskva_i_mo/predlozheniya_uslug/tag/arenda-kvadrocikla
прокат квадроциклов	8	rusrider.com	https://rusrider.com/
прокат квадроциклов	9	kingsoffroad.ru	https://kingsoffroad.ru/
прокат квадроциклов	10	uslugi.yandex.ru	https://uslugi.yandex.ru/213-moscow/category
корпоратив на квадроциклах	1	rao.moscow	https://rao.moscow/corporate
корпоратив на квадроциклах	2	quadrider.ru	https://www.quadrider.ru/corporate_event/
корпоратив на квадроциклах	3	organizator.ru	https://organizator.ru/korporativ/na-kvadrotsiklah/
корпоратив на квадроциклах	4	kvadroride.ru	https://www.kvadroride.ru/corporative/
корпоратив на квадроциклах	5	kosmoskvadro.com	https://www.kosmoskvadro.com/korporativy-na-kvadrociklah
корпоратив на квадроциклах	6	rkvadro.ru	https://rkvadro.ru/product-category/organizacziya-korporativov/
корпоратив на квадроциклах	7	kvadro-rent.com	https://www.kvadro-rent.com/korporativ-na-kvadrociklah/
корпоратив на квадроциклах	8	erinorodeo.ru	https://erinorodeo.ru/events
корпоратив на квадроциклах	9	russianfun.ru	https://russianfun.ru/services/prokat-tehniki/arenda-kvadraciklov/korporativy-na-kvadrociklah/
корпоратив на квадроциклах	10	prokatenduro.ru	https://prokatenduro.ru/blog/kvadrotsikly/korporativ-timbilding
тимбилдинг на природе	1	av55.ru	https://av55.ru/msk/services/timbilding-na-prirode/
тимбилдинг на природе	2	alexgrim.ru	https://alexgrim.ru/timbildingi/na-prirode/
тимбилдинг на природе	3	eventyon.ru	https://eventyon.ru/business/vyezdnoy-timbilding/
тимбилдинг на природе	4	eliseev-showman.ru	https://eliseev-showman.ru/timbildingi-na-prirode
тимбилдинг на природе	5	eventcons.ru	https://www.eventcons.ru/services/teambuilding/timbilding-na-prirode/
тимбилдинг на природе	6	novikovspace.com	https://novikovspace.com/school/vyezdnoj-timbilding-na-prirode
тимбилдинг на природе	7	comandante-event.ru	https://comandante-event.ru/timbildingi/scenarii-timbildinga-na-prirode/
тимбилдинг на природе	8	eventcentrum.ru	https://eventcentrum.ru/teambuilding/teambuilding-na-prirode/
тимбилдинг на природе	9	meropriyatno.ru	https://meropriyatno.ru/timbilding-na-prirode/
тимбилдинг на природе	10	organizator.ru	https://organizator.ru/team-building/v-podmoskove/
катание на квадроциклах в подмосковье	1	avito.ru	https://www.avito.ru/moskva_i_mo/predlozheniya_uslug
катание на квадроциклах в подмосковье	2	rao.moscow	https://rao.moscow/where
катание на квадроциклах в подмосковье	3	quadrider.ru	https://www.quadrider.ru/
катание на квадроциклах в подмосковье	4	atvpark.ru	https://atvpark.ru/
катание на квадроциклах в подмосковье	5	bambiland.ru	https://bambiland.ru/uslugi/katanie-na-kvadrociklah/
катание на квадроциклах в подмосковье	6	crossmania.club	https://crossmania.club/atv
катание на квадроциклах в подмосковье	7	prokatenduro.ru	https://prokatenduro.ru/prokat-kvadrotsiklov
катание на квадроциклах в подмосковье	8	motokvadroclub.ru	https://motokvadroclub.ru/atv
катание на квадроциклах в подмосковье	9	kingsoffroad.ru	https://kingsoffroad.ru/
катание на квадроциклах в подмосковье	10	ecorancho.ru	https://ecorancho.ru/uslugi/katanie-na-kvadrotsiklakh/
покататься на квадроциклах в подмосковье	1	avito.ru	https://www.avito.ru/moskva_i_mo/predlozheniya_uslug
покататься на квадроциклах в подмосковье	2	rao.moscow	https://rao.moscow/where
покататься на квадроциклах в подмосковье	3	quadrider.ru	https://www.quadrider.ru/
покататься на квадроциклах в подмосковье	4	crossmania.club	https://crossmania.club/atv
покататься на квадроциклах в подмосковье	5	atvpark.ru	https://atvpark.ru/
покататься на квадроциклах в подмосковье	6	bambiland.ru	https://bambiland.ru/uslugi/katanie-na-kvadrociklah/
покататься на квадроциклах в подмосковье	7	armatatour.ru	https://armatatour.ru/kvadro-new
покататься на квадроциклах в подмосковье	8	prokatenduro.ru	https://prokatenduro.ru/prokat-kvadrotsiklov
покататься на квадроциклах в подмосковье	9	ecorancho.ru	https://ecorancho.ru/uslugi/katanie-na-kvadrotsiklakh/
покататься на квадроциклах в подмосковье	10	atlas4x4.ru	https://atlas4x4.ru/
права на квадроцикл	1	ncpo.ru	https://ncpo.ru/rabochie-spetsialnosti/kvadrotsikl/
права на квадроцикл	2	eco-wheels.ru	https://eco-wheels.ru/blog/kakie-prava-nuzhny-dlya-kvadrocikla-kategoriya-a1-ili-b
права на квадроцикл	3	kargapolskij-mo.gosuslugi.ru	https://kargapolskij-mo.gosuslugi.ru/deyatelnost/
права на квадроцикл	4	absolutins.ru	https://www.absolutins.ru/blog/mozhno-li-upravlyat-kvadrociklom-bez-prav/
права на квадроцикл	5	youtube.com	http://www.youtube.com/v/mdYj3lfk8nA
права на квадроцикл	6	argo-avto.ru	https://argo-avto.ru/atv/
права на квадроцикл	7	globaldrive.ru	https://globaldrive.ru/articles/kvadrotsikly/kakie-prava-nuzhny-na-kvadrotsikl/
права на квадроцикл	8	mep.mosreg.ru	https://mep.mosreg.ru/sobytiya/novosti-ministerstva/26-12-2023-na-snegokhod-i-kvadrotsikl
права на квадроцикл	9	garant.ru	https://www.garant.ru/actual/voditel/457612/
права на квадроцикл	10	avd-kvadrocikl.ru	https://avd-kvadrocikl.ru/price/
права на квадроцикл	11	prokatenduro.ru	https://prokatenduro.ru/blog/prava-na-kvadrosikl
прокат снегоходов в подмосковье	1	снегоходыподмосковья.рф	https://xn--c1acboviat4bzg.xn--p1ai/
прокат снегоходов в подмосковье	2	rao.moscow	https://rao.moscow/snowmobile
прокат снегоходов в подмосковье	3	avito.ru	https://www.avito.ru/moskva_i_mo/predlozheniya_uslug
прокат снегоходов в подмосковье	4	prokatenduro.ru	https://prokatenduro.ru/snegohod
прокат снегоходов в подмосковье	5	uslugi.yandex.ru	https://uslugi.yandex.ru/1-moscow-and-moscow-oblast/category
прокат снегоходов в подмосковье	6	2gis.ru	https://2gis.ru/moscow_region/search/
прокат снегоходов в подмосковье	7	pitbikepark.ru	https://pitbikepark.ru/prokat-tehniki/snegohody/
прокат снегоходов в подмосковье	8	pitbike24.ru	https://pitbike24.ru/prokat-snegokhodov
прокат снегоходов в подмосковье	9	raoride.ru	https://raoride.ru/snegohody/
прокат снегоходов в подмосковье	10	crossmania.club	https://crossmania.club/snowmobile
прокат снегоходов в подмосковье	11	welcome.mosreg.ru	https://welcome.mosreg.ru/stories/gde-pokatatsia-na-snegokhodakh
прокат снегоходов в подмосковье	12	kvadroride.ru	https://www.kvadroride.ru/snow/
прокат снегоходов в подмосковье	13	bambiland.ru	https://bambiland.ru/uslugi/katanie-na-snegohode/
прокат багги в подмосковье	1	avito.ru	https://www.avito.ru/moskva_i_mo/predlozheniya_uslug
прокат багги в подмосковье	2	rao.moscow	https://rao.moscow/buggy
прокат багги в подмосковье	3	pitbikepark.ru	https://pitbikepark.ru/prokat-tehniki/baggi/
прокат багги в подмосковье	4	raoride.ru	https://raoride.ru/baggi/
прокат багги в подмосковье	5	prokatenduro.ru	https://prokatenduro.ru/buggy
прокат багги в подмосковье	6	atvpark.ru	https://atvpark.ru/prokat_buggy/
прокат багги в подмосковье	7	ruzaforest.ru	https://ruzaforest.ru/services/arenda-baggi-i-kvadratsiklov
прокат багги в подмосковье	8	rkvadro.ru	https://rkvadro.ru/product-category/nasha-tehnika/prokat-baggi/
прокат багги в подмосковье	9	2gis.ru	https://2gis.ru/moscow_region/search/
прокат багги в подмосковье	10	uslugi.yandex.ru	https://uslugi.yandex.ru/213-moscow/category
день рождения на квадроциклах	1	rao.moscow	https://rao.moscow/birthday
день рождения на квадроциклах	2	avito.ru	https://www.avito.ru/moskva_i_mo/predlozheniya_uslug/prazdniki_meropriyatiya
день рождения на квадроциклах	3	russianfun.ru	https://russianfun.ru/services/prokat-tehniki/arenda-kvadraciklov/den-rozhdeniya-na-kvadrociklah/
день рождения на квадроциклах	4	prokatenduro.ru	https://prokatenduro.ru/blog/kvadrotsikly/den-rozhdeniya
день рождения на квадроциклах	5	raoride.ru	https://raoride.ru/den-rozhdeniya/
день рождения на квадроциклах	6	sol-club.ru	https://www.sol-club.ru/events/kvadrotsikl-na-den-rozhdeniya/
день рождения на квадроциклах	7	progulkipro.ru	https://progulkipro.ru/prokat_detskih_kvadrociklov
день рождения на квадроциклах	8	kvadropolus.ru	https://kvadropolus.ru/blog/den-rozhdeniya-na-kvadrociklah-scenarij/
день рождения на квадроциклах	9	rkvadro.ru	https://rkvadro.ru/product/den-rozhdeniya-na-kvadrocziklah/
день рождения на квадроциклах	10	kvadro-rent.com	https://www.kvadro-rent.com/den-rozhdeniya-na-kvadrociklah/
подарочный сертификат на квадроцикл	1	prokatenduro.ru	https://prokatenduro.ru/sertifikat-na-kvadrotsikl
подарочный сертификат на квадроцикл	2	msk.bonodono.ru	https://msk.bonodono.ru/catalog/extreme/klyuch-na-start-progulka-na-kvadrotsikle/
подарочный сертификат на квадроцикл	3	progulkipro.ru	https://progulkipro.ru/podarok
подарочный сертификат на квадроцикл	4	xpresent.ru	https://xpresent.ru/katanie-na-kvadrociklah
подарочный сертификат на квадроцикл	5	flowwow.com	https://flowwow.com/gift-cards/katanie-na-kvadrocikle-dlya-1-/
подарочный сертификат на квадроцикл	6	quadrider.ru	https://www.quadrider.ru/presents/
подарочный сертификат на квадроцикл	7	vpechatleniya.ru	https://vpechatleniya.ru/catalog/kvadrotsikl_dlya_dvoikh_prodolzhitelnyy/
подарочный сертификат на квадроцикл	8	mosfly.ru	https://mosfly.ru/kvadrocikl-na-bolshih-kolesah
подарочный сертификат на квадроцикл	9	axaa.ru	https://www.axaa.ru/kvadrozikl_v_moskve.html
подарочный сертификат на квадроцикл	10	boxdari.ru	https://boxdari.ru/catalog/gifts/poezdka-na-kvadrotsikle-layt/
маршруты для квадроциклов в подмосковье	1	маршруты-россии.рф	https://xn--80aaccl7af3arc.xn--p1ai/marshruty/moskovskaya-oblast/
маршруты для квадроциклов в подмосковье	2	kvadropolus.ru	https://kvadropolus.ru/marshruty/
маршруты для квадроциклов в подмосковье	3	welcome.mosreg.ru	https://welcome.mosreg.ru/bike-routes/kvadrocikly
маршруты для квадроциклов в подмосковье	4	prokatenduro.ru	https://prokatenduro.ru/blog/kvadrotsikly/luchshie-marshruty
маршруты для квадроциклов в подмосковье	5	rao.moscow	https://rao.moscow/where
маршруты для квадроциклов в подмосковье	6	ru.wikiloc.com	https://ru.wikiloc.com/marshruty/kvadrotsikl/russia/moskva-fylke
маршруты для квадроциклов в подмосковье	7	guardkvadro.ru	https://guardkvadro.ru/blog/marshruty-dlya-kvadrociklov-v-podmoskove/
маршруты для квадроциклов в подмосковье	8	grand-usadba.ru	https://grand-usadba.ru/dosug/kvadracikli
маршруты для квадроциклов в подмосковье	9	enino.info	https://enino.info/portfolio_category/marshruty/
со скольки лет можно кататься на квадроцикле	1	мвд.рф	https://264.56.xn--b1aew.xn--p1ai/news/item/37064076
со скольки лет можно кататься на квадроцикле	2	admtalinka.ru	https://admtalinka.ru/social/bezopas/GBDD.php
со скольки лет можно кататься на квадроцикле	3	voltbikes.ru	https://www.voltbikes.ru/blog/about-electrocvadro/so-skolki-let-mozhno-katatsya-na-kvadroczikle/
со скольки лет можно кататься на квадроцикле	4	bvdshop.ru	https://bvdshop.ru/stati/s-kakogo-vozrasta-mozhno-ezdit-na-kvadrocikle
со скольки лет можно кататься на квадроцикле	5	gosweb.gosuslugi.ru	https://moryakovskoe-r69.gosweb.gosuslugi.ru/dlya-zhiteley/novosti_221.html
со скольки лет можно кататься на квадроцикле	6	rollingmoto.ru	https://www.rollingmoto.ru/blog/so-skolkikh-let-razreshaetsya-ezdit-na-kvadrotsikle/
со скольки лет можно кататься на квадроцикле	7	kosiha-raion.ru	https://kosiha-raion.ru/press-tsentr/novosti-rayona/ne-byvaet-detskikh-kvadrotsiklov
со скольки лет можно кататься на квадроцикле	8	garant.ru	https://www.garant.ru/actual/voditel/457612/
со скольки лет можно кататься на квадроцикле	9	mcx.pnzreg.ru	https://mcx.pnzreg.ru/gostekhnadzor/pamytki/
со скольки лет можно кататься на квадроцикле	10	admkrutologovo.nso.ru	https://admkrutologovo.nso.ru/news/7413
что взять с собой на квадроциклы	1	atvtrade.ru	https://atvtrade.ru/chto-vzyat-s-soboj-v-puteshestvie-na-kvadrotsikle-chek-list-dlya-sborov/
что взять с собой на квадроциклы	2	kitovybereg.ru	https://kitovybereg.ru/blog/chto-vzyat-s-soboy-v-tur-na-kvadrociklah
что взять с собой на квадроциклы	3	atvarmor.ru	https://atvarmor.ru/article/chto-vzyat-s-soboj-v-puteshestvie-na-kvadroczikle-polnyj-spisok
что взять с собой на квадроциклы	4	rusrider.com	https://rusrider.com/chto-vzyat-s-soboj-krome-prav-chek-list-dlya-poezdki-na-kvadroczikle/
что взять с собой на квадроциклы	5	prokatenduro.ru	https://prokatenduro.ru/blog/kvadrotsikly/pervaya-poezdka
что взять с собой на квадроциклы	6	awm-trade.ru	https://awm-trade.ru/quadrocycles/chto-vzyat-s-soboj-v-puteshestvie-na-kvadrotsikle/
что взять с собой на квадроциклы	7	vk.ru	https://m.vk.ru/wall-153557664_1343
что взять с собой на квадроциклы	8	rao.moscow	https://rao.moscow/chto-vzyat-s-soboy-na-kvadrocicly
что взять с собой на квадроциклы	9	quadroextreme.by	https://quadroextreme.by/blog/chto-vzyat-s-soboj-na-kvadrocikly/
что взять с собой на квадроциклы	10	rikmotors.ru	https://rikmotors.ru/kvadrotur-chto-vzyat-s-soboj/
корпоратив на природе москва	1	av55.ru	https://av55.ru/msk/services/korporativ-na-prirode/
корпоратив на природе москва	2	wedwed.ru	https://wedwed.ru/catalog/ploschadki/korporativ-na-prirode/
корпоратив на природе москва	3	eventyon.ru	https://eventyon.ru/business/korporativ-na-prirode/
корпоратив на природе москва	4	msk.gorko.ru	https://msk.gorko.ru/restorany/Letnie-ploshadki-na-korporativ-v-Moskve/
корпоратив на природе москва	5	eventcons.ru	https://www.eventcons.ru/services/prazdnik-korporativ/korporativ-na-prirode/
корпоратив на природе москва	6	organizator.ru	https://organizator.ru/korporativ/piknik/
корпоратив на природе москва	7	trendevent.ru	https://trendevent.ru/korporativnye-meropriyatiya/korporativ-na-prirode/
корпоратив на природе москва	8	eventbooking.ru	https://eventbooking.ru/ploshadki-dlya-korporativa-na-prirode-v-moskve
корпоратив на природе москва	9	mr-games.ru	https://mr-games.ru/korporativ_na_prirode/
корпоратив на природе москва	10	comandante-event.ru	https://comandante-event.ru/korporativnye-prazdniki/corporativ-na-prirode/
новогодний корпоратив в подмосковье	1	areal-hotel.ru	https://www.areal-hotel.ru/novogodnie-korporativy/
новогодний корпоратив в подмосковье	2	rao.moscow	https://rao.moscow/newyearcorporate
новогодний корпоратив в подмосковье	3	foresta.ru	https://foresta.ru/events/novogodniy-korporativ
новогодний корпоратив в подмосковье	4	organizator.ru	https://organizator.ru/korporativ/novogodniy-na-baze-otdyha-v-podmoskovje/
новогодний корпоратив в подмосковье	5	zavidovo.com	https://zavidovo.com/novogodnij-korporativ-v-podmoskove/
новогодний корпоратив в подмосковье	6	weevent.ru	https://weevent.ru/novogodnij-korporativ-podmoskovie
новогодний корпоратив в подмосковье	7	horseka.ru	https://horseka.ru/korporativ-v-podmoskove-na-noviy-god/
новогодний корпоратив в подмосковье	8	sol-club.ru	https://www.sol-club.ru/events/novogodniy-korporativ-v-podmoskove/
новогодний корпоратив в подмосковье	9	svadbanaprirode.com	https://svadbanaprirode.com/catalog/novogodniy-korporativ-v-podmoscowie/
новогодний корпоратив в подмосковье	10	ivolga-activ.ru	https://www.ivolga-activ.ru/noviy-god
тимбилдинг для сотрудников	1	weeek.net	https://weeek.net/ru/blog/team-building-games
тимбилдинг для сотрудников	2	practicum.yandex.ru	https://practicum.yandex.ru/blog/chto-takoe-timbilding/
тимбилдинг для сотрудников	3	33udovolstviya.ru	https://33udovolstviya.ru/stati/meropriyati/timbilding-dlya-sotrudnikov-top-20-stsenariev-komandoobrazovaniya/
тимбилдинг для сотрудников	4	partner.market.yandex.ru	https://partner.market.yandex.ru/chtojournal/timbilding/
тимбилдинг для сотрудников	5	okocrm.com	https://okocrm.com/blog/igry-na-komandoobrazovanie/
тимбилдинг для сотрудников	6	secrets.tbank.ru	https://secrets.tbank.ru/razvitie/team-building/
тимбилдинг для сотрудников	7	eventyon.ru	https://eventyon.ru/business/timbilding/
тимбилдинг для сотрудников	8	alexgrim.ru	https://alexgrim.ru/blog/idei-dlya-timbildinga/
тимбилдинг для сотрудников	9	getcompass.ru	https://getcompass.ru/blog/posts/timbilding-dlya-sotrudnikov
тимбилдинг для сотрудников	10	360.yandex.ru	https://360.yandex.ru/blog/business/timbilding-chto-eto-i-kak-ego-organizovat/
активный отдых в подмосковье	1	welcome.mosreg.ru	https://welcome.mosreg.ru/stories/aktivniy-otdikh-v-podmoskovie
активный отдых в подмосковье	2	travel.yandex.ru	https://travel.yandex.ru/journal/kak-aktivno-provesti-letnie-vyhodnye-v-moskovskoy-oblasti/
активный отдых в подмосковье	3	kp.ru	https://www.kp.ru/russia/podmoskove/aktivnyj-otdyh/
активный отдых в подмосковье	4	tripadvisor.ru	https://www.tripadvisor.ru/Attractions-g2323955-Activities-Moscow_Oblast.html
активный отдых в подмосковье	5	vpoxod.ru	https://www.vpoxod.ru/route/podmoskovje
активный отдых в подмосковье	6	rao.moscow	https://rao.moscow/
активный отдых в подмосковье	7	отдыхвподмосковье.рф	https://xn--90adpidcmf4c0a9c.xn--p1ai/aktivnyj-otdyh/
активный отдых в подмосковье	8	raoride.ru	https://raoride.ru/
активный отдых в подмосковье	9	dzen.ru	https://dzen.ru/a/Z8hymZIbQS4BnJoq
активный отдых в подмосковье	10	clubstrannik.ru	https://clubstrannik.ru/pvd-podmoskove/
прокат квадроциклов истра	1	rkvadro.ru	https://rkvadro.ru/
прокат квадроциклов истра	2	istra.kvadroklub.ru	https://istra.kvadroklub.ru/katanie-na-kvadrotsiklakh/
прокат квадроциклов истра	3	kvadroride.ru	https://www.kvadroride.ru/istra/
прокат квадроциклов истра	4	kvadrolike.ru	https://www.kvadrolike.ru/
прокат квадроциклов истра	5	istra.kvadrolife.ru	https://istra.kvadrolife.ru/katanie-na-kvadrotsiklakh/
прокат квадроциклов истра	6	avito.ru	https://www.avito.ru/istra/predlozheniya_uslug
прокат квадроциклов истра	7	sup-swell.ru	https://sup-swell.ru/
прокат квадроциклов истра	8	uslugi.yandex.ru	https://uslugi.yandex.ru/10731-istra/category
прокат квадроциклов истра	9	ikk.su	https://ikk.su/
прокат квадроциклов истра	10	welcome.mosreg.ru	https://welcome.mosreg.ru/ideas/prokat-kvadrociklov-i-baggi-kvadro-unior
прокат квадроциклов истра	11	glampi.ru	https://glampi.ru/catalog/tours/rkvadro/
прокат квадроциклов истра	12	zoon.ru	https://zoon.ru/msk/gorod-istra/entertainment/type-prokat_kvadrotsiklov/
сколько стоит покататься на квадроцикле	1	avito.ru	https://www.avito.ru/moskva_i_mo/predlozheniya_uslug
сколько стоит покататься на квадроцикле	2	uslugi.yandex.ru	https://uslugi.yandex.ru/213-moscow/category
сколько стоит покататься на квадроцикле	3	rao.moscow	https://rao.moscow/quadbike
сколько стоит покататься на квадроцикле	4	crossmania.club	https://crossmania.club/atv
сколько стоит покататься на квадроцикле	5	prokatenduro.ru	https://prokatenduro.ru/prokat-kvadrotsiklov
сколько стоит покататься на квадроцикле	6	raoride.ru	https://raoride.ru/kvadrotsikly/
сколько стоит покататься на квадроцикле	7	progulkipro.ru	https://progulkipro.ru/moscow
сколько стоит покататься на квадроцикле	8	atvpark.ru	https://atvpark.ru/prokat-kvadrotsyklov/
сколько стоит покататься на квадроцикле	9	kosmoskvadro.com	https://www.kosmoskvadro.com/ceny/
сколько стоит покататься на квадроцикле	10	quadrider.ru	https://www.quadrider.ru/
квадроциклы для детей подмосковье	1	prokatenduro.ru	https://prokatenduro.ru/detskie-kvadrotsikly
квадроциклы для детей подмосковье	2	raoride.ru	https://raoride.ru/prokat-detskih-kvadrotsiklov/
квадроциклы для детей подмосковье	3	rao.moscow	https://rao.moscow/quadrofamily
квадроциклы для детей подмосковье	4	atvpark.ru	https://atvpark.ru/for_children/
квадроциклы для детей подмосковье	5	kosmoskvadro.com	https://www.kosmoskvadro.com/trassy/marshrut-detskiy.html
квадроциклы для детей подмосковье	6	progulkipro.ru	https://progulkipro.ru/prokat_detskih_kvadrociklov
квадроциклы для детей подмосковье	7	prokat-kvadrov.ru	https://www.prokat-kvadrov.ru/vidy-trass/semeynyy-zaezd/
квадроциклы для детей подмосковье	8	welcome.mosreg.ru	https://welcome.mosreg.ru/ideas/kvadroklub-dla-detej-grizzly
квадроциклы для детей подмосковье	9	crossmania.club	https://crossmania.club/bigfoot
квадроциклы для детей подмосковье	10	kvadro-rent.com	https://www.kvadro-rent.com/katanie-na-kvadrocziklah-s-detmi-v-podmoskove/
техника безопасности на квадроцикле	1	prokatenduro.ru	https://prokatenduro.ru/blog/tekhnika-bezopasnosti-kvadrotsikl
техника безопасности на квадроцикле	2	kitovybereg.ru	https://kitovybereg.ru/blog/tehnika-bezopasnosti-pri-katanii-na-kvadrocikle
техника безопасности на квадроцикле	3	tourskazka.ru	https://tourskazka.ru/useful_info/vsye-o-turakh-na-kvadrotsiklakh/tehnika-bezopasnosti-kvadro/
техника безопасности на квадроцикле	4	kvadro93.ru	https://kvadro93.ru/security/kvadrocikly-i-gaganty/
техника безопасности на квадроцикле	5	gosweb.gosuslugi.ru	https://parabelskoe-r69.gosweb.gosuslugi.ru/dlya-zhiteley/novosti_81.html
техника безопасности на квадроцикле	6	87.mchs.gov.ru	https://87.mchs.gov.ru/deyatelnost/press-centr/novosti/3897118
техника безопасности на квадроцикле	7	dzen.ru	https://dzen.ru/a/aKiCJFjADVoJA2kH
техника безопасности на квадроцикле	8	avantsb.ru	https://www.avantsb.ru/upload/iblock/c2f/pdf
техника безопасности на квадроцикле	9	gtn.tatarstan.ru	https://gtn.tatarstan.ru/index.htm/news/2107069.htm
техника безопасности на квадроцикле	10	kvadropark.ru	https://kvadropark.ru/bezopasnost-pri-ezde-na-kvadrotsikle/
тимбилдинг это простыми словами	1	practicum.yandex.ru	https://practicum.yandex.ru/blog/chto-takoe-timbilding/
тимбилдинг это простыми словами	2	manteracongress.ru	https://manteracongress.ru/materials/timbilding-eto
тимбилдинг это простыми словами	3	partner.market.yandex.ru	https://partner.market.yandex.ru/chtojournal/timbilding/
тимбилдинг это простыми словами	4	trends.rbc.ru	https://trends.rbc.ru/trends/social/675b37bc9a7947d557df5912
тимбилдинг это простыми словами	5	mangogames.ru	https://mangogames.ru/blog/chto-takoe-timbilding
тимбилдинг это простыми словами	6	alexgrim.ru	https://alexgrim.ru/blog/chto-takoe-timbilding/
тимбилдинг это простыми словами	7	360.yandex.com	https://360.yandex.com/blog/business/timbilding-chto-eto-i-kak-ego-organizovat/
тимбилдинг это простыми словами	8	lenta.ru	https://lenta.ru/articles/2026/08/11/timbilding-idei/
тимбилдинг это простыми словами	9	moedelo.org	https://www.moedelo.org/club/terms/timbilding
тимбилдинг это простыми словами	10	timeweb.com	https://timeweb.com/ru/community/articles/chto-takoe-timbilding
аренда квадроцикла	1	avito.ru	https://www.avito.ru/moskva_i_mo/predlozheniya_uslug/tag/arenda-kvadrocikla
аренда квадроцикла	2	uslugi.yandex.ru	https://uslugi.yandex.ru/213-moscow/category
аренда квадроцикла	3	kvadroride.ru	https://www.kvadroride.ru/kvadro/
аренда квадроцикла	4	2gis.ru	https://2gis.ru/moscow/search/
аренда квадроцикла	5	rao.moscow	https://rao.moscow/quadbike
аренда квадроцикла	6	crossmania.club	https://crossmania.club/atv
аренда квадроцикла	7	rusrider.com	https://rusrider.com/rental/
аренда квадроцикла	8	kingsoffroad.ru	https://kingsoffroad.ru/
аренда квадроцикла	9	atvpark.ru	https://atvpark.ru/prokat-kvadrotsyklov/
организация корпоратива под ключ	1	av55.ru	https://av55.ru/msk/services/korporativ-pod-klyuch/
организация корпоратива под ключ	2	doma.moscow	https://doma.moscow/party
организация корпоратива под ключ	3	bravomos.ru	https://bravomos.ru/korporativ
организация корпоратива под ключ	4	brut.moscow	https://brut.moscow/
организация корпоратива под ключ	5	catalystrussia.ru	https://catalystrussia.ru/korporativ/
организация корпоратива под ключ	6	welldonevent.ru	https://welldonevent.ru/corporateparties
организация корпоратива под ключ	7	prostranstvo.team	https://prostranstvo.team/uslugi/provedenie-korporativa/
организация корпоратива под ключ	8	wowpovod.ru	https://wowpovod.ru/biznesu/organizacia-korporativov/
организация корпоратива под ключ	9	eventcons.ru	https://www.eventcons.ru/landings/korporativ-pod-klyuch/
организация корпоратива под ключ	10	organizator.ru	https://organizator.ru/korporativ/
со скольки лет можно на квадроцикле	1	kosiha-raion.ru	https://kosiha-raion.ru/press-tsentr/novosti-rayona/ne-byvaet-detskikh-kvadrotsiklov
со скольки лет можно на квадроцикле	2	admtalinka.ru	https://admtalinka.ru/social/bezopas/GBDD.php
со скольки лет можно на квадроцикле	3	gosweb.gosuslugi.ru	https://moryakovskoe-r69.gosweb.gosuslugi.ru/dlya-zhiteley/novosti_221.html
со скольки лет можно на квадроцикле	4	мвд.рф	https://264.56.xn--b1aew.xn--p1ai/news/item/37064076
со скольки лет можно на квадроцикле	5	voltbikes.ru	https://www.voltbikes.ru/blog/about-electrocvadro/so-skolki-let-mozhno-katatsya-na-kvadroczikle/
со скольки лет можно на квадроцикле	6	garant.ru	https://www.garant.ru/actual/voditel/457612/
со скольки лет можно на квадроцикле	7	bvdshop.ru	https://bvdshop.ru/stati/s-kakogo-vozrasta-mozhno-ezdit-na-kvadrocikle
со скольки лет можно на квадроцикле	8	rollingmoto.ru	https://www.rollingmoto.ru/blog/so-skolkikh-let-razreshaetsya-ezdit-na-kvadrotsikle/
со скольки лет можно на квадроцикле	9	atv-tur.ru	https://atv-tur.ru/blog/so-skolki-let-kvadrocikl/
со скольки лет можно на квадроцикле	10	admkrutologovo.nso.ru	https://admkrutologovo.nso.ru/news/7413
нужны ли права на квадроцикл	1	absolutins.ru	https://www.absolutins.ru/blog/mozhno-li-upravlyat-kvadrociklom-bez-prav/
нужны ли права на квадроцикл	2	eco-wheels.ru	https://eco-wheels.ru/blog/kakie-prava-nuzhny-dlya-kvadrocikla-kategoriya-a1-ili-b
нужны ли права на квадроцикл	3	kargapolskij-mo.gosuslugi.ru	https://kargapolskij-mo.gosuslugi.ru/deyatelnost/novosti_3492.html
нужны ли права на квадроцикл	4	mep.mosreg.ru	https://mep.mosreg.ru/sobytiya/novosti-ministerstva/na-snegokhod-i-kvadrotsikl
нужны ли права на квадроцикл	5	globaldrive.ru	https://globaldrive.ru/articles/kvadrotsikly/kakie-prava-nuzhny-na-kvadrotsikl/
нужны ли права на квадроцикл	6	epp.genproc.gov.ru	https://epp.genproc.gov.ru/ru/proc_06/activity/legal-education/explain/e5887765/
нужны ли права на квадроцикл	7	motodom.store	https://motodom.store/news/interesting/nuzhny-li-prava-na-kvadrotsikl-i-kak-ikh-poluchit-v-2026-godu/
нужны ли права на квадроцикл	8	prokatenduro.ru	https://prokatenduro.ru/blog/prava-na-kvadrosikl
нужны ли права на квадроцикл	9	kosa.permkrai.ru	https://kosa.permkrai.ru/news/359432
нужны ли права на квадроцикл	10	mcx.samregion.ru	https://mcx.samregion.ru/2025/08/11/upravlyat-kvadrocziklom-i-snegohodom-mozhno-po-voditelskomu-udostovereniyu/
корпоратив на снегоходах	1	rkvadro.ru	https://rkvadro.ru/product-category/organizacziya-korporativov/
корпоратив на снегоходах	2	organizator.ru	https://organizator.ru/korporativ/na-snegohodah/
корпоратив на снегоходах	3	kvadroride.ru	https://www.kvadroride.ru/corporative/
корпоратив на снегоходах	4	rao.moscow	https://rao.moscow/newyearcorporate
корпоратив на снегоходах	5	kvadr24.ru	https://kvadr24.ru/snowcomp
корпоратив на снегоходах	6	raoride.ru	https://raoride.ru/korporativy/
корпоратив на снегоходах	7	doctorteam.ru	https://doctorteam.ru/blog/programs/timbilding-na-snegokhodakh/
корпоратив на снегоходах	8	av55.ru	https://av55.ru/msk/services/korporativ-zimoj/
корпоратив на снегоходах	9	mdtmotopark.ru	https://mdtmotopark.ru/korporativiiprazdniki
корпоратив на снегоходах	10	adventure-lab.ru	https://adventure-lab.ru/korporativniy-otdyh-zimoy-v-podmoskovye
тимбилдинг на квадроциклах	1	kvadroride.ru	https://www.kvadroride.ru/teambuilding/
тимбилдинг на квадроциклах	2	organizator.ru	https://organizator.ru/team-building/kvadrocikly/
тимбилдинг на квадроциклах	3	rao.moscow	https://rao.moscow/corporate
тимбилдинг на квадроциклах	4	igrology.com	https://igrology.com/teambuilding/aktivnie/quadroquest/
тимбилдинг на квадроциклах	5	prokatenduro.ru	https://prokatenduro.ru/blog/kvadrotsikly/korporativ-timbilding
тимбилдинг на квадроциклах	6	kvadro-rent.com	https://www.kvadro-rent.com/timbilding-na-kvadrocziklah-v-moskve/
тимбилдинг на квадроциклах	7	uslugi.yandex.ru	https://uslugi.yandex.ru/profile/KvadroExpert-650746
тимбилдинг на квадроциклах	8	eventcentrum.ru	https://eventcentrum.ru/programma/qwest-na-kvadrociklah/
тимбилдинг на квадроциклах	9	raoride.ru	https://raoride.ru/korporativy/
тимбилдинг на квадроциклах	10	quadbikes.ru	http://quadbikes.ru/format
как организовать корпоратив на природе	1	huntflow.media	https://huntflow.media/letniy-korporativ/
как организовать корпоратив на природе	2	eventcons.ru	https://www.eventcons.ru/blog/korporativnye-prazdniki/top-igr-dlya-letnego-korporativa/
как организовать корпоратив на природе	3	baydaroshnaya.ru	https://baydaroshnaya.ru/blog/idei-dlya-korporativa-na-prirode
как организовать корпоратив на природе	4	naraada.ru	https://naraada.ru/blog/kak-organizovat-korporativ-na-prirode/
как организовать корпоратив на природе	5	comandante-event.ru	https://comandante-event.ru/stati/7-idej-dlya-korporativa-na-prirode/
как организовать корпоратив на природе	6	picnic-city.ru	https://www.picnic-city.ru/blog/korporativ-na-prirode/
как организовать корпоратив на природе	7	wowpovod.ru	https://wowpovod.ru/blog/korporativ-na-prirode-kak-organizovat/
как организовать корпоратив на природе	8	mestoprostocosmos.ru	https://mestoprostocosmos.ru/stati/korporativ-na-prirode-kak-organizovat-meropriyatie
как организовать корпоратив на природе	9	bos.best	https://bos.best/blog/post/kak-organizovat-vyezdnoj-korporativ-na-prirode/
как организовать корпоратив на природе	10	teambuilding.ru	https://teambuilding.ru/articles/byudzhetnyj-timbilding-5-variantov-dlya-letnego-korporativa-na-prirode
что надеть на квадроцикл	1	prokatenduro.ru	https://prokatenduro.ru/blog/kvadrotsikly/pervaya-poezdka
что надеть на квадроцикл	2	finntrail.ru	https://finntrail.ru/blog/ekipirovka-dlya-kvadrotsikla-po-bolotam-i-glubokim-luzham/
что надеть на квадроцикл	3	pitland.ru	https://pitland.ru/company/blog/motoekipirovka_dlya_ezdy_na_kvadrotsikle/
что надеть на квадроцикл	4	atvtrade.ru	https://atvtrade.ru/kakaya-odezhda-nuzhna-dlya-ezdy-na-kvadrotsikle/
что надеть на квадроцикл	5	pro-ekip.ru	https://pro-ekip.ru/stati/ekipirovka-dlya-kvadrotsikla/
что надеть на квадроцикл	6	bvdshop.ru	https://bvdshop.ru/stati/kakuyu-ekipirovku-kupit-dlya-kvadrocikla
что надеть на квадроцикл	7	awm-trade.ru	https://awm-trade.ru/quadrocycles/odezhda-dlya-ezdy-na-kvadrotsikle/
что надеть на квадроцикл	8	brp-pride.ru	https://brp-pride.ru/blog/ekipirovka-dlya-kvadrocikla/
что надеть на квадроцикл	9	crossenduro.ru	https://crossenduro.ru/blog/kak-vybrat-ekipirovku-dlya-kvadrotsikla/
что надеть на квадроцикл	10	hisun.pro	https://hisun.pro/world/ekipirovka/
первая поездка на квадроцикле	1	prokatenduro.ru	https://prokatenduro.ru/blog/kvadrotsikly/pervaya-poezdka
первая поездка на квадроцикле	2	ru.wikihow.com	https://ru.wikihow.com/начать-кататься-на-квадроцикле
первая поездка на квадроцикле	3	kingsoffroad.ru	https://kingsoffroad.ru/blog/pervaya-poezdka-na-kvadrocikle/
первая поездка на квадроцикле	4	bestsled.ru	https://bestsled.ru/blog/kak-upravlyat-kvadrocziklom-pervyj-vyezd-i-bazovye-navyki/
первая поездка на квадроцикле	5	formula7.ru	https://formula7.ru/kak-upravlyat-kvadrocziklom/
первая поездка на квадроцикле	6	youtube.com	https://www.youtube.com/watch
первая поездка на квадроцикле	7	motodom.store	https://motodom.store/news/interesting/kak-upravlyat-kvadrotsiklom-poshagovoe-rukovodstvo-dlya-novichka/
первая поездка на квадроцикле	8	na-krayu-zemli.ru	https://na-krayu-zemli.ru/blog/progulka-na-kvadrociklah-marshrut-i-chto-nadet
первая поездка на квадроцикле	9	bvdshop.ru	https://bvdshop.ru/stati/vse-o-kvadrociklah-dlya-nachinayushchih
первая поездка на квадроцикле	10	avantsb.ru	https://www.avantsb.ru/blog/kak-ezdit-na-kvadrotsikle-poshagovyy-gayd-dlya-novichkov/
подарок впечатление мужчине	1	msk.bonodono.ru	https://msk.bonodono.ru/catalog/man/
подарок впечатление мужчине	2	vpechatleniya.ru	https://vpechatleniya.ru/catalog/filter/who-is-for-him/
подарок впечатление мужчине	3	xpresent.ru	https://xpresent.ru/podarok-muju
подарок впечатление мужчине	4	kupitpodarok.ru	https://kupitpodarok.ru/catalog/for-man/
подарок впечатление мужчине	5	boxdari.ru	https://boxdari.ru/catalog/podarochnyi-sertifikat-dlya-muzhchin/
подарок впечатление мужчине	6	presentstar.ru	https://www.presentstar.ru/catalog/podarki-dlya-muzhchin/
подарок впечатление мужчине	7	wowlife.club	https://wowlife.club/msk/podarki-dlya-muzhchin/
подарок впечатление мужчине	8	furpur.ru	https://furpur.ru/catalog/dlya-muzhchin/
подарок впечатление мужчине	9	evoi.ru	https://evoi.ru/gifts/catalog/for-man
подарок впечатление мужчине	10	emprana.ru	https://emprana.ru/collections/muzhskaya-kollekciya
где отметить день рождения взрослому	1	t-j.ru	https://t-j.ru/list/birthday-places-msk/
где отметить день рождения взрослому	2	travel.yandex.ru	https://travel.yandex.ru/journal/kak-neobychno-otmetit-den-rozhdeniya-v-moskve/
где отметить день рождения взрослому	3	eda.yandex.ru	https://eda.yandex.ru/guide-places-selection/restoran_na_den_rozhdeniya_moskva
где отметить день рождения взрослому	4	bash.today	https://bash.today/posts/gde-i-kak-mojno-otmetit-den-rojdeniya-v-moskve-nedorogo-i-neobychno
где отметить день рождения взрослому	5	vfokuse.mail.ru	https://vfokuse.mail.ru/articles/62152816-gde-otmetit-den-rozhdeniya-v-moskve/
где отметить день рождения взрослому	6	birthday-msk.ru	https://birthday-msk.ru/den-rojdeniya-vzroslogo
где отметить день рождения взрослому	7	2gis.ru	https://2gis.ru/moscow/search/
где отметить день рождения взрослому	8	openkitchen.eda.yandex	https://openkitchen.eda.yandex/article/places/guides/gde-otmetit-den-rozhdeniya-v-moskve
где отметить день рождения взрослому	9	restoclub.ru	https://www.restoclub.ru/msk/search/den-rozhdenija-v-restoranah-moskvy
хранение снегоходов москва	1	uslugi.yandex.ru	https://uslugi.yandex.ru/213-moscow/category
хранение снегоходов москва	2	ambar-sklad.ru	https://ambar-sklad.ru/uslugi/hranenie-snegohodov/
хранение снегоходов москва	3	logisticworld.ru	https://logisticworld.ru/otvetstvennoe-hranenie-snegohodov/
хранение снегоходов москва	4	armada-sklad.ru	https://armada-sklad.ru/uslugi-sezonnogo-hraneniya/tekhniki/
хранение снегоходов москва	5	2gis.ru	https://2gis.ru/moscow/search/
хранение снегоходов москва	6	skladikoff.ru	https://skladikoff.ru/seasonal-storage/seasonal-snowmobile-storage/
хранение снегоходов москва	7	citysklad24.ru	https://citysklad24.ru/hranenie-veschey/hranenie-snegohodov/
хранение снегоходов москва	8	vashstorag.ru	https://vashstorag.ru/uslugi/sezonnoe-hranenie.php
хранение снегоходов москва	9	formula7.ru	https://formula7.ru/hranenie/
хранение снегоходов москва	10	brutal-toys.ru	https://brutal-toys.ru/services/sezonnoe-khranenie-tekhniki/
квадроцикл или багги что лучше	1	eco-wheels.ru	https://eco-wheels.ru/blog/kvadrocikl-protiv-baggi-chto-vybrat-dlya-bezdorozhya
квадроцикл или багги что лучше	2	brp-pride.ru	https://brp-pride.ru/blog/kvadrotsikl-ili-baggi-raznitsa/
квадроцикл или багги что лучше	3	awm-trade.ru	https://awm-trade.ru/quadrocycles/kvadrotsikl-ili-baggi-chto-vybrat-i-pochemu/
квадроцикл или багги что лучше	4	atvtrade.ru	https://atvtrade.ru/kvadrotsikl-ili-baggi-chem-oni-otlichayutsya-i-chto-vybrat/
квадроцикл или багги что лучше	5	avantsb.ru	https://www.avantsb.ru/blog/baggi-ili-kvadrotsikl-razbiraemsya-v-razlichiyakh/
квадроцикл или багги что лучше	6	prokatenduro.ru	https://prokatenduro.ru/blog/baggi-ili-kvadrotsikl
квадроцикл или багги что лучше	7	hisun.ru	https://hisun.ru/blog/utv/chto-vybrat-baggi-ili-kvadrotsikl/
квадроцикл или багги что лучше	8	ekb.bvdshop.ru	https://ekb.bvdshop.ru/stati/chto-luchshe-baggi-ili-kvadrocikl
квадроцикл или багги что лучше	9	bulletbro.pro	https://bulletbro.pro/atv/kvadrocikl-ili-baggi-chto-luchshe
квадроцикл или багги что лучше	10	motodom.store	https://motodom.store/news/interesting/kvadrotsikl-ili-baggi-chto-vybrat-dlya-bezdorozhya-v-2026-godu/
прокат квадроциклов цена	1	uslugi.yandex.ru	https://uslugi.yandex.ru/213-moscow/category
прокат квадроциклов цена	2	avito.ru	https://www.avito.ru/moskva_i_mo/predlozheniya_uslug
прокат квадроциклов цена	3	crossmania.club	https://crossmania.club/atv
прокат квадроциклов цена	4	rao.moscow	https://rao.moscow/quadbike
прокат квадроциклов цена	5	kvadroride.ru	https://www.kvadroride.ru/kvadro/
прокат квадроциклов цена	6	kosmoskvadro.com	https://www.kosmoskvadro.com/ceny/
прокат квадроциклов цена	7	rusrider.com	https://rusrider.com/rental/
прокат квадроциклов цена	8	atvpark.ru	https://atvpark.ru/prokat-kvadrotsyklov/
прокат квадроциклов цена	9	kvadro-time.ru	https://kvadro-time.ru/
прокат квадроциклов цена	10	prokatenduro.ru	https://prokatenduro.ru/prokat-kvadrotsiklov
катание на снегоходе для начинающих	1	rao.moscow	https://rao.moscow/snowmobile
катание на снегоходе для начинающих	2	uslugi.yandex.ru	https://uslugi.yandex.ru/213-moscow/category
катание на снегоходе для начинающих	3	снегоходыподмосковья.рф	https://xn--c1acboviat4bzg.xn--p1ai/
катание на снегоходе для начинающих	4	raoride.ru	https://raoride.ru/snegohody/
катание на снегоходе для начинающих	5	2gis.ru	https://2gis.ru/moscow/search/
катание на снегоходе для начинающих	6	youtube.com	https://www.youtube.com/watch
катание на снегоходе для начинающих	7	avito.ru	https://www.avito.ru/moskva/predlozheniya_uslug
катание на снегоходе для начинающих	8	wowlife.club	https://wowlife.club/msk/vpechatleniya/katanie-na-snegokhode-s-instruktorom/
катание на снегоходе для начинающих	9	finntrail.ru	https://finntrail.ru/blog/sovety-dlya-ezdy-na-snegokhode/
катание на снегоходе для начинающих	10	educp.ru	https://educp.ru/articles/training-of-drivers/ezda-na-snegohode-rukovodstvo-dlya-nachinayushchih/
корпоратив по безналичному расчету	1	events.jvcompany.ru	https://events.jvcompany.ru/korporativ
корпоратив по безналичному расчету	2	corporate-party.ru	https://corporate-party.ru/korporativ
корпоратив по безналичному расчету	3	f-jiraf.ru	https://f-jiraf.ru/adults
корпоратив по безналичному расчету	4	svoi-catering.ru	https://svoi-catering.ru/
корпоратив по безналичному расчету	5	uslugi.yandex.ru	https://uslugi.yandex.ru/213-moscow/category
корпоратив по безналичному расчету	6	organizator.ru	https://organizator.ru/den-stroitelya/
корпоратив по безналичному расчету	7	msk.kassir.ru	https://msk.kassir.ru/pages/corp-info
корпоратив по безналичному расчету	8	darievent.ru	https://darievent.ru/meropriyatiya/organizacziya-novogodnego-korporativa/
корпоратив по безналичному расчету	9	catering.paleroyal.ru	https://catering.paleroyal.ru/
корпоратив по безналичному расчету	10	amwine.ru	https://amwine.ru/business/corp/
семейный прокат квадроциклов	1	rao.moscow	https://rao.moscow/quadrofamily
семейный прокат квадроциклов	2	uslugi.yandex.ru	https://uslugi.yandex.ru/213-moscow/category
семейный прокат квадроциклов	3	prokatenduro.ru	https://prokatenduro.ru/detskie-kvadrotsikly
семейный прокат квадроциклов	4	mk-forrest.ru	https://mk-forrest.ru/family
семейный прокат квадроциклов	5	kvadroride.ru	https://www.kvadroride.ru/
семейный прокат квадроциклов	6	avito.ru	https://www.avito.ru/moskva_i_mo/predlozheniya_uslug
семейный прокат квадроциклов	7	rkvadro.ru	https://rkvadro.ru/product/semejnyj-prokat-kvadrocziklov/
семейный прокат квадроциклов	8	2gis.ru	https://2gis.ru/moscow/search/
семейный прокат квадроциклов	9	pitbikepark.ru	https://pitbikepark.ru/
трассы для квадроциклов в подмосковье	1	маршруты-россии.рф	https://xn--80aaccl7af3arc.xn--p1ai/marshruty/moskovskaya-oblast/
трассы для квадроциклов в подмосковье	2	welcome.mosreg.ru	https://welcome.mosreg.ru/bike-routes/kvadrocikly
трассы для квадроциклов в подмосковье	3	kvadropolus.ru	https://kvadropolus.ru/blog/gde-katatsya-na-kvadrocikle-v-podmoskove-trassy/
трассы для квадроциклов в подмосковье	4	quadrider.ru	https://www.quadrider.ru/katanie-na-kvadrociklah/
трассы для квадроциклов в подмосковье	5	prokatenduro.ru	https://prokatenduro.ru/blog/kvadrotsikly/luchshie-marshruty
трассы для квадроциклов в подмосковье	6	rao.moscow	https://rao.moscow/where
трассы для квадроциклов в подмосковье	7	2gis.ru	https://2gis.ru/moscow/search/
трассы для квадроциклов в подмосковье	8	grand-usadba.ru	https://grand-usadba.ru/dosug/kvadracikli
трассы для квадроциклов в подмосковье	9	guardkvadro.ru	https://guardkvadro.ru/blog/marshruty-dlya-kvadrociklov-v-podmoskove/
идеи для новогоднего корпоратива	1	33udovolstviya.ru	https://33udovolstviya.ru/stati/meropriyati/idei-dlya-novogodnego-korporativa/
идеи для новогоднего корпоратива	2	organizator.ru	https://organizator.ru/blog/novogodnij-korporativ/
идеи для новогоднего корпоратива	3	alexgrim.ru	https://alexgrim.ru/blog/idei-novogodnego-korporativa/
идеи для новогоднего корпоратива	4	av55.ru	https://av55.ru/articles/idei-novogodnego-korporativa/
идеи для новогоднего корпоратива	5	eventyon.ru	https://eventyon.ru/magazine/novogodnii-korporativ-trendy-i-idei/
идеи для новогоднего корпоратива	6	eventcons.ru	https://www.eventcons.ru/blog/korporativnye-prazdniki/idei-dlya-organizatsii-novogodnego-korporativa-v-moskve/
идеи для новогоднего корпоратива	7	russia.another-world.com	https://russia.another-world.com/blog/top-15-idey-dlya-novogodnego-korporativa
идеи для новогоднего корпоратива	8	weevent.ru	https://weevent.ru/blog/idei-novogodnego-korporativa
идеи для новогоднего корпоратива	9	crimea.moscow	https://crimea.moscow/blog/idei-dlya-novogodnego-korporatova
идеи для новогоднего корпоратива	10	t-j.ru	https://t-j.ru/best-corporate-party-ideas/
