аренда квадроциклов	1808
аренда квадроциклов в подмосковье	124
аренда квадроциклов в москве	100
договор аренды квадроцикла	87
квадроцикл аренда московская	71
аренда квадроцикла московская область	62
взять квадроцикл в аренду	55
аренда прицепа для квадроцикла	49
аренда квадроцикла на сутки	44
аренда прицепа для перевозки квадроцикла	25
аренда квадроциклов в москве и московской области	24
аренда квадроциклов истра	24
квадроцикл аренда цена	23
квадроциклы покататься аренда	22
аренда квадроциклов рядом	20
прокат аренда квадроциклов	20
аренда квадроцикла на день	18
сдача квадроцикла в аренду	18
сдать квадроцикл в аренду	17
аренда квадроциклов с инструктором	16
аренда дома с квадроциклом	15
договор аренды квадроцикла между физическими лицами	15
аренда квадроциклов серпухов	14
аренда квадроцикла посуточно	13
аренда квадроциклов дмитров	13
аренда квадроциклов орехово зуево	11
где можно взять в аренду квадроцикл	11
аренда квадроциклов рязань	11
аренда квадроциклов подольск	10
авито аренда квадроцикла	10
сколько стоит аренда квадроциклов	10
аренда детского квадроцикла	9
аренда квадроциклов манжерок	9
аренда домиков с квадроциклами	8
аренда квадроциклов в егорьевске	8
аренда квадроцикла пушкино	8
аренда квадроциклов балашиха	7
аренда квадроцикла стоимость	7
аренда квадроциклов с доставкой	7
аренда квадроциклов сергиев посад	6
снять квадроцикл в аренду	6
аренда квадроциклов коломна	6
договор аренды квадроцикла образец	6
аренда квадроцикла на двоих	6
аренда питбайков и квадроциклов	6
аренда квадроциклов в подмосковье на сутки	5
аренда квадроциклов мытищи	5
взять в аренду квадроцикл на сутки	5
аренда квадроциклов завидово	5
аренда квадроциклов спб	5
база отдыха с арендой квадроциклов	3
договор аренды проката квадроцикла	3
аренда квадроциклов оквэд	3
аренда эндуро и квадроциклов	3
квадроцикл в аренду на месяц	3
аренда квадроцикла для детей	3
аренда квадроцикла без инструктора	2
сколько стоит аренда квадроцикла на час	2
аренда квадроциклов щелково	2
аренда квадроциклов конаково	1
аренда квадроциклов киржач	1
аренда квадроциклов как бизнес	1
аренда квадроциклов тверская область	1
можно ли сдавать в аренду квадроцикл	1
новый бланк договора аренды квадроцикла 2026	4
аренда квадроцикла с выкупом	4
аренда квадроцикла кондуки	4
