покататься на квадроциклах	1980
где покататься на квадроциклах	558
покататься на квадроциклах в подмосковье	466
покататься на квадроциклах в москве	392
можно покататься на квадроцикле	331
где можно покататься на квадроциклах	317
где покататься на квадроциклах в подмосковье	135
где покататься на квадроциклах в москве	129
где можно покататься на квадроциклах в москве	89
покататься на квадроциклах в московской области	86
где можно покататься на квадроциклах в подмосковье	78
покататься на квадроциклах в москве и московской	75
покататься с ребенком на квадроцикле	72
покататься на квадроциклах недорого	55
покататься на квадроциклах в подмосковье с детьми	47
где ребенку покататься на квадроцикле	45
сколько стоит покататься на квадроциклах	41
покататься на квадроциклах в подмосковье недорого	36
покататься на квадроциклах по грязи	19
покататься на квадроциклах в домодедово	18
покататься на квадроциклах цена	17
где ребенку можно покататься на квадроцикле	15
покататься на квадроциклах на питбайках	15
покататься на квадроциклах в подольске	15
покататься на больших квадроциклах	14
покататься на квадроциклах в коломне	12
покататься на квадроциклах истра	12
покататься на квадроциклах балашиха	10
покататься на квадроциклах дмитров	10
покататься на квадроциклах рядом	9
покататься на квадроциклах в москве детям	9
покататься на квадроциклах в серпухове	9
где можно покататься на квадроцикле в московском	9
покататься на квадроциклах калужской области	7
покататься на квадроцикле ребенку 12 лет	5
квадроциклы покататься на ярославском шоссе	5
покататься на эндуриках или квадроциклах	5
покататься на квадроциклах на день рождения	4
покататься на квадроциклах в тульской области	4
где покататься на детских квадроциклах	3
