катание на квадроциклах	2320
катание на квадроциклах в подмосковье	491
катание на квадроциклах в москве	199
сертификат на катание на квадроциклах	115
катание на квадроциклах московская область	62
подарочный сертификат катания на квадроцикле	55
катание на квадроциклах в области	50
катание на квадроциклах в подмосковье детьми	37
катание на квадроциклах с детьми	35
катание на квадроциклах в подмосковье подарочный	33
катание на квадроциклах в подмосковье подарочный сертификат	33
сертификат на катание на квадроциклах подмосковье	33
катание на квадроцикле цена	28
катание на квадроциклах мытищи	25
катание на квадроцикле купить	21
сертификат на катание на квадроциклах в москве	20
костюм для катания на квадроцикле	20
отдых с катанием на квадроциклах	19
катание на квадроциклах истра	19
катание на квадроциклах сергиев посад	17
катание на квадроциклах ногинск	17
база катание на квадроциклах	15
катание на квадроциклах серпухов	15
катание на квадроциклах тур	14
катание на квадроциклах рядом	14
катание на квадроциклах подольск	14
катание на квадроциклах зеленоград	14
база отдыха с катанием на квадроциклах	14
катание на квадроциклах раменское	14
катание на квадроциклах чехов	13
катание на детских квадроциклах	13
армата тур катание на квадроциклах	13
катание на квадроциклах дмитров	13
катание на квадроциклах клин	13
катание на квадроциклах по бездорожью	12
как называется катание на квадроциклах	12
катание на квадроциклах по лесу	12
катание на квадроциклах балашиха	12
подарок катание на квадроцикле	11
катание на квадроциклах по грязи	11
катание на квадроциклах в коломне	11
катание на квадроциклах на карте	11
катание на квадроциклах звенигород	11
катание на квадроциклах на двоих	10
защита для катания на квадроцикле	10
катание на квадроцикле отзывы	9
купить сертификат на катание на квадроциклах	9
катание на квадроциклах орехово зуево	9
катание на больших квадроциклах	9
катание на квадроциклах хотьково	8
экстремальное катание на квадроциклах	8
маршруты для катания на квадроциклах	8
экипировка для катания на квадроцикле	8
катание на квадроциклах москва и подмосковье	8
катание на квадроциклах щелково	7
катание на квадроциклах фото	7
музыка для катания на квадроцикле	7
сколько стоит катание на квадроциклах	6
катание на квадроциклах подмосковье дмитровский район	6
катание на квадроциклах в домодедово	6
катание на квадроциклах кубинка	6
одежда для катания на квадроцикле	6
катание на квадроциклах солнечногорск	6
катание на квадроциклах зимой	5
катание на квадроциклах видео	5
обучение катанию на квадроцикле	5
катание на больших квадроциклах подмосковье	5
катание на квадроцикле и бугфуте	5
костюм для катания на квадроцикле защитный	5
катание на квадроциклах подросткам	5
куртка для катания на квадроцикле	4
комбинезон для катания на квадроцикле	4
катание на квадроциклах в москве в подарок	4
катание на квадроциклах одинцово	4
катание на квадроциклах калужская	4
катание на квадроциклах калужская область	4
катание на квадроцикле правило	4
катание на квадроциклах и мотоциклах	3
нужны ли права для катания на квадроцикле	3
места для катания на квадроциклах	3
катание на квадроциклах недорого	3
впечатление от катания на квадроциклах	2
обувь для катания на квадроцикле	2
костюм для катания на квадроцикле мужской	2
песни для катания на квадроцикле	2
стоимость катания на квадроциклах	2
форма для катания на квадроцикле	2
катание на квадроциклах обнинск	1
купить костюм для катания на квадроцикле	1
катание на огромных квадроциклах	1
что нужно для катания на квадроцикле	1
