квадроциклы подмосковье	3089
квадроциклы покататься в подмосковье	883
катание на квадроциклах в подмосковье	491
прокат квадроциклов в подмосковье	295
где квадроциклы подмосковье	181
прогулка на квадроциклах в подмосковье	180
поездка на квадроциклах в подмосковье	153
где покататься на квадроциклах в подмосковье	135
аренда квадроциклов в подмосковье	124
тур на квадроциклах в подмосковье	123
на квадроциклах в подмосковье с детьми	84
где можно покататься на квадроциклах в подмосковье	78
квадроциклы в москве подмосковье	61
карта подмосковья квадроцикл	51
отдых в подмосковье с квадроциклами	51
трасса для квадроциклов в подмосковье	48
покататься на квадроциклах в подмосковье с детьми	47
маршруты для квадроциклов в подмосковье	42
катание на квадроциклах в подмосковье детьми	37
покататься на квадроциклах в подмосковье недорого	36
кататься на квадроциклах в подмосковье	36
катание на квадроциклах в подмосковье подарочный	33
катание на квадроциклах в подмосковье подарочный сертификат	33
сертификат на катание на квадроциклах подмосковье	33
база отдыха квадроциклы подмосковье	31
заезд на квадроциклах подмосковье	29
глэмпинг с квадроциклами подмосковье	28
маршруты для квадроциклов в подмосковье на карте	27
купить квадроцикл подмосковье	24
прокат квадроциклов в подмосковье недорого	22
покатушки на квадроциклах в подмосковье	18
прогулка на квадроциклах в подмосковье на двоих	17
поездка на квадроциклах в подмосковье на двоих	16
туры на квадроциклах в подмосковье на выходные	16
прокат квадроциклов в подмосковье для детей	15
отель с квадроциклами в подмосковье	15
прокат квадроциклов подмосковье москва	14
дом отдыха с квадроциклами в подмосковье	13
квадроциклы покататься в подмосковье дешево	11
сафари на квадроциклах в подмосковье	11
прогулки на квадроциклах в подмосковье мытищи	10
езда на квадроциклах в москве и подмосковье	9
тур на квадроциклах в подмосковье с ночевкой	9
катание на квадроциклах москва и подмосковье	8
треки для квадроциклов в подмосковье	7
квадроциклы покататься в подмосковье мытищи	7
прогулка на квадроциклах в подмосковье с детьми	6
прокат квадроциклов в подмосковье на карте	6
катание на квадроциклах подмосковье дмитровский район	6
трассы для квадроциклов в подмосковье на карте	5
аренда квадроциклов в подмосковье на сутки	5
база отдыха подмосковье с квадроциклами и чаном	5
катание на больших квадроциклах подмосковье	5
квадроциклы покататься в подмосковье серпухов	5
