квадроциклы в москве	8671
квадроциклы москва область	1671
квадроцикл москва московская область	1452
покататься на квадроциклах в москве	392
прокат квадроциклов в москве	226
катание на квадроциклах в москве	199
где покататься на квадроциклах в москве	129
аренда квадроциклов в москве	100
где можно покататься на квадроциклах в москве	89
прокат квадроциклов в москве и московской	75
покататься на квадроциклах в москве и московской	75
прогулка на квадроциклах москва	75
поездка на квадроциклах москва	75
квадроциклы покататься в москве и московской области	74
прокат квадроциклов москва и область	73
права квадроцикл москва	73
прокат квадроциклов в москве и московской области	72
квадроциклы для детей в москве	70
квадроциклы в москве подмосковье	61
сертификат на квадроциклы москва	58
тур на квадроциклах москва	49
кататься на квадроциклах в москве	35
обучение на квадроцикл в москве	32
квадроциклы новая москва	436
