корпоратив на природе	279
корпоратив на природе москва	33
корпоратив на природе в подмосковье	22
площадка для корпоратива на природе	17
провести корпоратив на природе	14
прикольный корпоратив на природе	13
корпоратив на природе где	13
конкурсы для корпоратива на природе	10
где провести корпоратив на природе	9
чем пойти на корпоратив на природе	9
игры для корпоратива на природе	8
как одеться корпоратив на природе	8
места для корпоратива на природе	8
что надеть на корпоратив на природе	7
выездной корпоратив на природе	6
образ на корпоратив на природе	6
конкурсы для корпоратива на природе прикольные	6
развлечения на корпоративе на природе	5
закуски на корпоратив на природе	4
сценарий корпоратива на природе	4
что одеть на корпоратив на природу	4
корпоратив на природе тимбилдинг	4
зимний корпоратив на природе	4
организация корпоратива на природе	3
летний корпоратив на природе	3
что приготовить на корпоратив на природе	2
корпоратив на природе зимой	2
новогодний корпоратив на природе	2
меню на корпоратив на природе	2
корпоратив на природе летом	1
что взять на корпоратив на природе	1
идеи для корпоратива на природе	1
конкурсы для коллег на корпоратив на природе	1
спортивный корпоратив на природе	1
стол на корпоратив на природе	1
прикольный сценарий корпоратива на природе	1
