тимбилдинг	11075
тимбилдинг слово	1240
тимбилдинг это простыми	1183
тимбилдинг это простыми словами	1057
тимбилдинг для сотрудников	396
тимбилдинг в москве	281
игры для тимбилдинга	169
тимбилдинг для детей	159
тимбилдинг на природе	142
организация тимбилдинга	110
тимбилдинг для класса	106
тимбилдинг в подмосковье	105
тимбилдинг для сотрудников москва	91
идеи для тимбилдинга	90
корпоративный тимбилдинг	75
тимбилдинг варианты	73
проведение тимбилдинга	70
тимбилдинг для подростков	69
тимбилдинг это простыми словами для сотрудников	61
тимбилдинг для команды	58
тимбилдинг для школьников	57
спортивный тимбилдинг	55
тимбилдинг для компании	46
выездной тимбилдинг	44
веревочный тимбилдинг	44
тимбилдинг где	44
тимбилдинг коллектива	43
мероприятия для тимбилдинга	43
кулинарный тимбилдинг	39
суть тимбилдинга	38
тимбилдинг квест	36
площадка для тимбилдинга	36
тимбилдинг сценарий	36
цель тимбилдинга	33
тимбилдинг синоним	33
творческий тимбилдинг	32
веревочный курс тимбилдинг	31
командный тимбилдинг	31
день тимбилдинга	31
тимбилдинг пример	29
организуем тимбилдинг	29
куда сходить на тимбилдинг	28
тимбилдинг москва куда сходить	26
детский тимбилдинг	26
командообразование тимбилдинг	25
определение тимбилдинга	25
тимбилдинг с коллегами	25
реквизит для тимбилдинга	24
тимбилдинг корпоративные мероприятия	24
что такое тимбилдинг определение простыми	24
тимбилдинг на сплочение	24
тимбилдинг как пишется	23
что такое тимбилдинг определение простыми словами	23
вопросы для тимбилдинга	23
где проводят тимбилдинги	22
мастер классы тимбилдинг	22
тимбилдинг для взрослых	20
организация мероприятий тимбилдингов	20
идеи для тимбилдинга в москве	19
типы тимбилдинга	19
тимбилдинги названия	19
тимбилдинг на корпоратив	19
новогодний тимбилдинг	19
задания для тимбилдинга	19
темы тимбилдингов	19
тимбилдинг тренинг	19
тимбилдинг заказать	18
агентство тимбилдинги	17
тимбилдинг аренда	17
бизнес тимбилдинг	17
тимбилдинг для сотрудников на природе	17
расходы на тимбилдинг	16
тимбилдинг для отдела	16
тимбилдинги в помещении	16
тимбилдинг на природе москва	15
тимбилдинг для подростков москва	15
лучшие тимбилдинги	15
тимбилдинг выезд	15
услуги тимбилдинга	15
тимбилдинг конкурсы	14
тимбилдинг форматы	14
крутой тимбилдинг	14
зимние тимбилдинги	14
навыки тимбилдинга	14
этапы тимбилдинга	14
тимбилдинг на сплочение коллектива	13
выездной тимбилдинг организация	13
тимбилдинг куда сходить с коллегами	13
деловой тимбилдинг	13
тимбилдинги под ключ	13
организация тимбилдинга в москве	13
тимбилдинг цены	12
виды тимбилдинга	12
активный тимбилдинг	12
проведение тимбилдинга для сотрудников	12
командные игры тимбилдинг	12
устроить тимбилдинг	12
тимбилдинг московская область	11
тимбилдинг в москве варианты	11
тимбилдинг руководителей	11
тимбилдинг кратко	11
куда сходить с коллегами в москве тимбилдинг	10
тимбилдинг активности	10
совместный тимбилдинг	10
что такое тимбилдинг простыми словами определение кратко	9
тимбилдинг на улице	9
интересный тимбилдинг	9
эффективность тимбилдинга	9
тимбилдинг это что такое для сотрудников простыми	9
ведущий на тимбилдинг	9
организаторы тимбилдингов	9
площадка москва для тимбилдинга	9
спортивный тимбилдинг для сотрудников	9
простые игры для тимбилдинга	9
интеллектуальные тимбилдинги	8
где можно провести тимбилдинг	8
