новогодний корпоратив	5170
новогодний корпоратив в москве	508
новогодние корпоративы 2027	295
новогодний корпоратив 2026	283
новогодний корпоратив где	226
рестораны для новогоднего корпоратива	170
где отметить новогодний корпоратив	106
сборный новогодний корпоратив	101
новогодний корпоратив с программой	101
новогодний корпоратив аренда	100
проведение новогоднего корпоратива	95
организация новогоднего корпоратива	92
новогодний корпоратив коллег	84
где провести новогодний корпоратив	74
новогодний корпоратив в стиле	73
новогодний корпоратив на теплоходе	71
новогодний корпоратив под ключ	66
площадки для новогоднего корпоратива	59
идеи для новогоднего корпоратива	55
новогодний корпоратив компании	52
рестораны для новогоднего корпоратива москва	50
тематика новогоднего корпоратива	50
новогодний корпоратив 2027 москва	44
новогодний корпоратив 2026 москва	44
сборный новогодний корпоратив москва	38
новогодний корпоратив в отеле	34
как провести новогодний корпоратив	31
новогодний корпоратив под ключ москва	31
название новогоднего корпоратива	30
новогодний корпоратив сотрудников	29
новогодний корпоратив 2026 2027	28
сборные новогодние корпоративы 2027	27
заказать новогодний корпоратив	26
где отметить новогодний корпоратив в москве	25
кафе для новогоднего корпоратива	24
время новогодних корпоративов	24
большой новогодний корпоратив	23
новогодний корпоратив за городом	22
рестораны для проведения новогоднего корпоратива	22
новогодний корпоратив в офисе	21
тема для новогоднего корпоратива	20
организация новогоднего корпоратива в москве	20
концепции новогоднего корпоратива	19
новогодние игры корпоратив	19
новогодние корпоративы цена	18
новогодний корпоратив в ресторане с программой	17
где провести новогодний корпоратив в москве	16
новогодние мероприятия корпоратив	15
места для новогоднего корпоратива	15
где отпраздновать новогодний корпоратив	13
где можно провести новогодний корпоратив	13
новогодний корпоратив в каком стиле	13
как отметить новогодний корпоратив	11
как провести новогодний корпоратив с коллегами идеи	11
новогодние корпоративы 2027 с программой	10
организация новогоднего корпоратива 2026	10
где можно отметить новогодний корпоратив	10
тематика для новогоднего корпоратива 2026	10
куда сходить на новогодний корпоратив	10
небанальный новогодний корпоратив	9
новогодний корпоратив с шоу программой	9
квест на новогодний корпоратив	9
