командообразование	1751
игры на командообразование	345
тренинг на командообразование	95
программы командообразования	64
командообразование команды	60
проведение командообразования	42
командообразование сотрудников	43
упражнения на командообразование	43
командообразование коллектива	39
организация командообразования	34
мероприятия командообразования	30
командообразование варианты	29
командообразование тимбилдинг	25
сплочение и командообразование	24
проведение тренинга командообразования	23
корпоративное командообразование	21
командообразование москва	19
тренинг по командообразованию для сотрудников	17
командообразование компании	14
квест на командообразование	8
игры на командообразование для взрослых	8
веревочный курс командообразование	11
спортивное командообразование	11
интересное командообразование	10
тренинг сплочение командообразование	10
командообразование сплочение коллектива	9
командообразование для взрослых	9
идеи командообразования	9
активное командообразование	6
корпоративные тренинги командообразование	4
