где отметить день рождения	20303
где отметить день рождения в москве	6268
где можно отметить день рождения	3992
где отметить день рождения взрослому	1484
где можно отметить день рождение в москве	1085
где отметить день рождения подростка	953
где недорого отметить день рождения	921
где отметить день рождение в москве взрослому	756
где недорого отметить день рождения в москве	558
место где отметить день рождения	414
где отметить день рождения в москве подростку	366
где можно недорого отметить день рождения	290
места где можно отметить день рождения	277
где отметить день рождения компанией	251
где отметить день рождения в балашихе	236
где необычно отметить день рождение	229
где отметить день рождения 18 лет	217
где интересно отметить день рождения	224
где отметить день рождения недорого взрослому	203
где будете отмечать день рождения	191
где отметить день рождения в подольске	190
где можно отметить день рождения подростку	182
где лучше отметить день рождения	176
где необычно отметить день рождения в москве	172
где бюджетно отметить день рождения	170
где отметить день рождения в подмосковье	168
где отметить день рождения в зеленограде	157
где отметить день рождения в коломне	150
где отметить день рождения вдвоем	143
места где отметить день рождения москва	141
идеи где отметить день рождения	141
где отметить день рождения в мытищах	140
где отметить день рождения в щелково	137
где отметить день рождения зимой	132
где отметить день рождения в области	131
где отметить день рождения с другом	121
где отметить день рождения с друзьями	118
где весело отметить день рождения	117
где отметить день рождения раменское	114
где отметить день рождения в домодедово	112
где интересно отметить день рождения в москве	110
где отметить день рождения в люберцах	109
где отметить день рождения королев	109
где отметить день рождения в московской области	107
где отметить день рождения 20 лет	102
где отметить день рождения в одинцово	101
где отметить день рождения в королеве	92
где отметить день рождение женщине	91
где отметить день рождения с семьей	90
где отметить день рождения в сергиевом посаде	89
где отметить день рождения квест	88
где отметить день рождения в красногорске	87
день рождение необычно взрослому где отметить	87
где отметить день рождения девушке в москве	85
где отметить день рождения в ногинске	81
где отметить день рождения мужа	80
где отметить день рождения семьей в москве	78
где отметить день рождения в серпухове	77
где дешево отметить день рождения	77
где отметить день рождения сына	76
где отметить день рождения в орехово зуево	75
где отметить день рождения рядом	75
где отметить день рождения парню	73
где отметить большой день рождение	71
где отметить день рождения в клину	66
где бюджетно отметить день рождения в москве	66
где отметить день рождения на природе	65
где отметить день рождения в чехове	63
день рождения 10 человек где отметить	62
где отметить день рождения в химках	62
где отметить день рождения вдвоем в москве	61
где отметить день рождение активно	61
