права на квадроцикл	7696
на квадроцикл нужны права	3570
какие права на квадроцикл	2955
какие права нужны на квадроцикл	2275
категория прав на квадроцикл	1294
на квадроцикл можно права права	1189
права на квадроцикл 2026	1063
нужны ли права на квадроцикл	1014
права на квадроцикл какая категория	793
нужны права на квадроцикл в 2026	722
правами можно ездить на квадроцикле	643
какие права на квадроцикл в 2026	633
на квадроцикл какие права нужны в 2026	590
можно ли права на квадроцикл	576
категория прав нужна на квадроцикл	553
какая категория прав нужна на квадроцикл	525
на квадроцикле без прав	450
права на квадроцикл в 2026 году	335
права на квадроцикл россия	294
категория прав на квадроцикл в 2026	259
на квадроцикл нужны права в россии	231
права на квадроцикл со скольки	228
на квадроцикл нужны права какой категории 2026	220
как получить права на квадроцикл	217
какая категория прав на квадроцикл в 2026	215
права на квадроцикл со скольки лет	208
можно ездить на квадроцикле без прав	195
можно ли на квадроцикле без прав	169
права на квадроцикл со скольки лет можно	163
с какими правами можно на квадроцикле	162
нужны ли права на квадроцикл в россии	156
какие права нужны на квадроцикл год	151
с какими правами ездить на квадроцикле	131
нужны ли права на квадроцикл 2026	130
права на управление квадроциклом	128
с какими правами можно ездить на квадроцикле	122
езда на квадроцикле права	119
права на квадроцикл 200	114
можно ли без прав ездить на квадроцикле	104
права на квадроцикл обучение	103
права на квадроцикл 200 кубов	102
есть ли права на квадроцикл	89
тракторные права на квадроцикл	86
со скольки получают права на квадроцикл	86
права на квадроцикл а1	85
права на квадроцикл 125	85
со скольки лет получают права на квадроцикл	82
со скольки можно получить права на квадроцикл	81
надо права на квадроцикл	77
нужны права на квадроцикл 200	77
права на квадроцикл в1	77
права на квадроцикл сколько лет	76
права на квадроцикл 125 кубов	75
езда на квадроцикле какие права	75
категория б права на квадроцикл	73
на квадроцикл 200 кубов нужны права	72
замена прав на квадроцикл	70
получение прав на квадроцикл	69
можно кататься на квадроцикле без прав	63
права тракториста на квадроцикл	62
водительские права на квадроцикл	62
права чтобы ездить на квадроцикле	60
права на квадроцикл москва	59
нужны права на управление квадроциклом	59
права на квадроцикл документы	58
нужны права на квадроцикл 125 кубов	54
езда на квадроциклах без прав	54
как получить права на квадроцикл в 2026	53
права на квадроцикл детям	53
чтобы ездить на квадроцикле нужны права	53
где получить права на квадроцикл	52
права на снегоход и квадроцикл	52
можно ли получить права на квадроцикл	51
регистрация и права на квадроцикл	49
права на детский квадроцикл	49
права на квадроцикл 1000 кубов	49
штраф без прав на квадроцикле	47
сколько сдают на права на квадроцикл	46
права на квадроцикл 500 кубов	46
права на квадроцикл с 16	46
можно ли кататься на квадроцикле без прав	46
на какой квадроцикл нужны права и регистрация	45
сдача прав на квадроцикл	44
права на квадроцикл с 16 лет	43
сколько стоит права на квадроцикл	43
нужны ли права на квадроцикл 125	42
какие права на квадроцикл 200 кубов	42
чтобы ездить на квадроцикле какие нужны права	42
права на квадроцикл с каких лет	41
права тракториста машиниста на квадроцикл	40
какие нужны права на квадроцикл 200 кубов	39
какие права нужны на квадроцикл 200	39
права на квадроцикл возраст	39
гостехнадзор права на квадроцикл	39
для езды на квадроцикле нужны права	39
нужны ли права на квадроцикл 125 кубов	37
права на квадроцикл со скольки кубов	36
квадроцикл нужны ли права на управление	36
права на квадроцикл с псм	36
где сдать на права на квадроцикл	35
какие права нужны на квадроцикл 1000	34
на каком квадроцикле можно без прав	34
права на квадроцикл 500 кубов какая	33
нужно сдавать на права на квадроцикл	33
сколько получать права на квадроцикл	33
для езды на квадроцикле какие нужны права	33
какие права на управление квадроциклом	33
ребенок без прав на квадроцикле	33
права на квадроцикл 300 кубов	32
права на квадроцикл с какого возраста	32
штраф за езду на квадроцикле без прав	32
какие нужны права на квадроцикл 500	32
нужны ли права на квадроцикл 200	32
права на квадроцикл 800 кубов	32
права на квадроцикл сколько кубов	31
на детский квадроцикл нужны права	31
на каком квадроцикле можно ездить без прав	31
права на квадроцикл до скольки кубов	31
какой штраф без прав на квадроцикле	31
какие права надо на квадроцикл	30
какие права нужны на квадроцикл 1000 кубов	30
езда на квадроцикле без прав какой	29
как сдать на права на квадроцикл	29
категория прав на квадроцикл в 2026 году	29
требуются права на квадроцикл	28
езда на квадроцикле без прав какой штраф	28
категория прав на снегоход и квадроцикл	28
нужна ли категория прав на квадроцикл	28
права на квадроцикл цена	28
отметка в правах на квадроцикл	28
права на квадроцикл категория b	27
права категории а1 на квадроцикл	27
открыть права на квадроцикл	27
категория прав на управление квадроциклом	27
учиться на права квадроцикл	26
какие нужны права на квадроцикл 500 кубов	26
нужны ли права на квадроцикл 200 кубов	26
лишили прав на квадроцикл	25
получить права на квадроцикл россия	25
на квадроцикле с автомобильными правами	25
надо ли на квадроцикл права	25
права на квадроцикл с птс	24
можно ли сдать права на квадроцикл	24
категория водительских прав на квадроцикл	24
нужны ли права на детский квадроцикл	24
новые права на квадроцикл	23
права на квадроцикл подольск	23
автошкола права на квадроцикл	23
со скольки нужны права на квадроцикл	23
права b1 на квадроцикл	23
права на мотоцикл и квадроцикл	22
права на квадроцикл 250 кубов	22
нужны водительские права на квадроцикл	22
тракторные права на квадроцикл категория	22
какие водительские права на квадроцикл	22
на квадроцикл нужны тракторные права	21
какие права нужны на управление квадроциклом	21
права на квадроцикл 150 кубов	21
экзамен на права квадроцикла	21
какие права нужны на квадроцикл 300 кубов	20
права на квадроцикл 50 кубов	20
какие права сдавать на квадроцикл	20
на квадроцикле с правами b	18
нужно ли сдавать права на квадроцикл	18
во сколько можно получить права на квадроцикл	18
права на вождение квадроцикла	18
какие права на квадроцикл 125 кубов	17
на квадроцикле с правами на машину	17
нужны права на квадроцикл 150 кубов	16
москва получить права на квадроцикл	16
закон на права квадроциклов	15
какие права нужны на квадроцикл с псм	15
какие права на снегоход и квадроцикл	15
во сколько лет получают права на квадроцикл	15
нужны ли права на квадроцикл 150	15
нужны ли права на квадроцикл 150 кубов	15
какие права нужны на квадроцикл 125	15
какие права нужны на квадроцикл 125 кубов	15
какие права нужны на квадроцикл с птс	15
ребенок катался на квадроцикле без прав	14
где можно получить права на квадроцикл	14
как получить права а1 на квадроцикл	14
на электрический квадроцикл нужны права	14
права на квадроцикл электрический	14
нужны ли тракторные права на квадроцикл	14
где можно кататься на квадроцикле без прав	13
надо сдавать права на квадроцикл	13
какие права нужны на квадроцикл 700	13
какие права нужны на квадроцикл 700 кубов	13
нужны права на квадроцикл 250 кубов	13
права на квадроцикл цена обучения	13
нужны сейчас права на квадроцикл	12
быстро получить права на квадроцикл	12
водительские права на квадроцикл какая категория	12
права на квадроцикл без обучения	12
как продлить права на квадроцикл	12
