права на снегоход	423
на снегоход нужны права	205
какие права на снегоход	156
какие права нужны на снегоход	108
категория прав на снегоход	80
нужны ли права на снегоход	78
права на снегоход и квадроцикл	52
права на снегоход 2026	49
права на снегоход какая категория	48
категория прав на снегоход и квадроцикл	28
какие права нужны на снегоход в 2026	27
нужна категория прав на снегоход	22
какая категория прав нужна на снегоход	19
права на управление снегоходом	17
какие права на снегоход и квадроцикл	15
как получить права на снегоход	14
права на снегоход в 2026 году	13
езда на снегоходе права	10
права на снегоход какая категория 2026	10
без прав на снегоходе	9
права на снегоход и квадроцикл какая категория	9
нужны ли права на снегоход в 2026	9
сдать на права на снегоход	9
тракторные права на снегоход	8
получить права на снегоход и квадроцикл	7
на снегоход нужны права в россии	7
есть ли права на снегоход	6
сдача прав на снегоход	6
категория прав на управление снегоходом	4
замена прав на снегоход	4
нужны ли права на снегоход в россии	4
права на снегоход буран	4
водительские права на снегоход	4
какие права нужны на квадроцикл и снегоход	4
с какими правами можно ездить на снегоходе	3
какие права на управление снегоходом	3
права на управление снегоходом какая категория	3
снегоход нужны ли права на управление	3
нужны ли права на квадроцикл и снегоход	3
обучение на права снегохода	3
езда без прав на снегоходе	3
автомобильные права на снегоход	2
какие права нужны на управление снегоходом	2
получение прав на снегоход	2
нужна ли категория прав на снегоход	2
права тракториста на снегоход	2
нужны ли водительские права на снегоход	2
водительские права на снегоход и квадроцикл	2
где получить права на снегоход	1
категории водительских прав на снегоход	1
на снегоход надо права	1
