отдых с детьми в подмосковье	2761
отдых с детьми бассейн подмосковье	1238
отдых в подмосковье все включено с детьми	933
подмосковье недорогой отдых с детьми	373
лучший отдых с детьми подмосковье	244
база отдыха с детьми в подмосковье	173
подмосковье отдых с детьми парк	148
семейный отдых в подмосковье с детьми	103
отдых с детьми с питанием подмосковье	60
загородный отдых с детьми подмосковье	56
отдых с ребенком выходные в подмосковье	56
база отдыха подмосковье недорого с детьми	38
отдых для семьи с детьми в подмосковье	36
места для отдыха с детьми в подмосковье	32
активный отдых с детьми в подмосковье	27
семейный отдых в подмосковье с детьми недорого	25
отдых с детьми москва подмосковье	23
ближнее подмосковье отдых с детьми	18
отдых с детьми ближайшее подмосковье	18
отдых с ребенком в подмосковье куда съездить	11
зона отдыха в подмосковье с детьми	7
