глэмпинг подмосковье	13264
глэмпинг в подмосковье с домиками	1298
глэмпинг с чаном в подмосковье	564
глэмпинг с баней в подмосковье	280
лучшие глэмпинги подмосковья	269
глэмпинг москва и подмосковье	259
глэмпинг подмосковье рядом	168
глэмпинг отдых в подмосковье	94
глэмпинг подмосковье на выходные	81
глэмпинг с квадроциклами подмосковье	28
истра глэмпинг подмосковье	24
глэмпинг с развлечениями в подмосковье	18
глэмпинг для двоих в подмосковье	35
глэмпинг с детьми в подмосковье	30
глэмпинг зимой в подмосковье	29
глэмпинг на новый год в подмосковье	28
необычные глэмпинги подмосковья	28
глэмпинг подмосковье на компанию	6
сертификат на глэмпинг в подмосковье	9
