корпоративный отдых	190
корпоративные базы отдыха	29
корпоративные мероприятия корпоративный отдых	27
корпоративный отдых на природе	23
корпоративный отдых отель	17
организации корпоративного отдыха	15
корпоративный отдых подмосковье	15
активный корпоративный отдых	11
корпоративный отдых сотрудников	11
проведение корпоративного отдыха	7
базы отдыха для корпоративных мероприятий	7
корпоративный отдых компании	6
лучшие отели для небольшое корпоративного отдыха	5
спортивный корпоративный отдых	4
корпоративный отдых как называется	3
корпоративный выезд на базу отдыха	2
варианты корпоративного отдыха	2
как называется корпоративный отдых для сплочения коллектива	1
корпоративный семейный отдых	1
виды корпоративного отдыха	1
