мероприятия для сотрудников	881
какие мероприятия для сотрудников	139
корпоративные мероприятия для сотрудников	98
мероприятия для сотрудников компании	90
организация мероприятия для сотрудников	81
спортивное мероприятие для сотрудников	67
план мероприятий для сотрудников	50
мероприятие для детей сотрудников	45
программа мероприятия для сотрудников	33
внутренние мероприятия для сотрудников	31
мероприятия для сотрудников офиса	22
корпоративные мероприятия для сотрудников компании	20
виды мероприятий для сотрудников	18
выездное мероприятие для сотрудников	17
мероприятие для сотрудников для сплочения	15
корпоративные мероприятия для сотрудников организация	12
как называются мероприятия для сотрудников	11
мероприятия для вовлеченности сотрудников	11
мероприятие для мотивации сотрудников	11
корпоративные мероприятия для сотрудников для сплочения	10
командные мероприятия для сотрудников	9
корпоративные мероприятия для сотрудников для сплочения коллектива	9
мероприятия для сотрудников для сплочения коллектива	9
мероприятие на воде для сотрудников	8
развлекательные мероприятия для сотрудников	7
примеры мероприятий для сотрудников	7
тимбилдинг для сотрудников на вечернем мероприятии	7
мероприятия для повышения мотивации сотрудников	6
интересные мероприятия для сотрудников	5
сценарий мероприятия для сотрудников	4
мотивационное мероприятие для сотрудников	4
мероприятие для молодых сотрудников	4
корпоративные спортивные мероприятия для сотрудников	3
варианты корпоративных мероприятий для сотрудников	3
идеи мероприятий для сотрудников	2
сценарий корпоративного мероприятия для сотрудников	2
какие мероприятия можно провести для сотрудников	1
