квест для компании	517
москва квест для компании	216
квест для большой компании	165
квест для компании взрослых	107
квесты для большой компании в москве	79
квесты в москве для компании взрослых	49
игра квест для компании	36
квест для большой компании взрослых	27
лучшие квесты для компании	21
квест для большой компании в москве взрослых	20
квесты на день рождения для компании	12
интересные квесты для компании	12
квесты для подростков для компаний	9
квесты для компаний на природе	8
интересные квесты в москве для компании	8
квест для компании взрослых на день рождения	7
квест на природе для компании взрослых	7
сценарии квестов для компании	6
сценарий квеста для компании	6
веселый квест для компании	3
квесты для компании взрослых сценарии	2
сценарий квеста для компании взрослых	2
квест на природе для компании взрослых сценарий	1
идеи для квеста на компанию	1
