развлечения в подмосковье	711
развлечения для детей в подмосковье	182
парк развлечений в подмосковье	108
развлечения в москве и подмосковье	96
отдых развлечения в подмосковье	91
отели с развлечениями в подмосковье	87
детские развлечения в подмосковье	58
развлечения в подмосковье для взрослых	42
отель с развлечениями для детей в подмосковье	34
база отдыха с развлечениями в подмосковье	30
дом отдыха с развлечениями в подмосковье	29
развлечения для детей в москве и подмосковье	28
активные развлечения в подмосковье	24
развлечения необычные в подмосковье	18
глэмпинг с развлечениями в подмосковье	18
экстремальные развлечения в подмосковье	16
корпоратив в подмосковье с развлечениями	14
экстремальные развлечения в москве и подмосковье	10
развлечения в подмосковье на выходные	8
развлечения в ближайшем подмосковье	8
какие развлечения есть в подмосковье	5
водные развлечения в подмосковье	3
