сценарий корпоратива	390
сценарий новогоднего корпоратива	82
сценарий дня корпоратива	74
новые сценарии корпоративов	45
сценарий корпоратива на новый год	37
сценарии взрослых корпоративов	27
ведущие корпоративов сценарии	22
сценарий корпоратива для коллег	22
готовый сценарий корпоратива	14
сценарий праздника корпоратив	11
сценарий корпоратива для сотрудников	7
корпоратив компании сценарий	6
начало корпоратива сценарий	6
программа на корпоратив с коллегами сценарий	4
сценарий корпоратива на природе	4
интересные сценарии корпоратива	3
программа для корпоратива сценарий	3
сценарий корпоратив коллектив	3
корпоратив сценарии проведения	2
сценарий мероприятия корпоратива	1
прикольный сценарий корпоратива на природе	1
сценарий корпоратива летом	1
корпоратив на день рождения компании сценарий	1
