покатушки на квадроциклах	1139
покатушки на квадроцикле по грязи	50
покатушки на квадроциклах в подмосковье	18
жесткие покатушки на квадроциклах	15
одежда для покатушек на квадроцикле	12
костюм для покатушек на квадроцикле	9
покатушки на квадроциклах зимой	8
покатушки на квадроциклах по бездорожью	8
зимние покатушки на квадроциклах	7
женская одежда для покатушек на квадроцикле	5
на квадроцикле покатушки детям	5
грязевые покатушки на квадроциклах	4
покатушки на квадроциклах в лесу	2
покатушки на квадроциклах в москве	2
покатушки на детском квадроцикле	2
покатушки на квадроцикле по снегу	1
