корпоративные мероприятия	2311
организация корпоративных мероприятий	363
проведение корпоративных мероприятий	252
какое корпоративное мероприятие	182
корпоративные мероприятия компаний	135
корпоративные мероприятия в москве	118
спортивные корпоративные мероприятия	99
корпоративные мероприятия для сотрудников	98
провести корпоративное мероприятие	92
корпоративные мероприятия суть	85
корпоративная культура мероприятия	65
программа корпоративного мероприятия	61
организация и проведение корпоративных мероприятий	61
корпоративные мероприятия для бизнеса	55
деловые корпоративные мероприятия	52
агентство корпоративных мероприятий	50
корпоративные мероприятия для бизнеса москва	50
корпоративное мероприятие варианты	50
лучшие корпоративные мероприятия	47
организуем корпоративное мероприятие	43
корпоративные мероприятия на год	39
форматы корпоративных мероприятий	39
расходы на корпоративные мероприятия	38
организация корпоративных мероприятий в москве	34
корпоративные мероприятия цель	34
центр корпоративных мероприятий	33
подготовка корпоративных мероприятий	32
корпоративные семейные мероприятия	30
договор корпоративного мероприятия	29
внутренние корпоративные мероприятия	28
площадки для корпоративных мероприятий	27
виды корпоративных мероприятий	27
новогодние корпоративные мероприятия	27
задачи корпоративных мероприятий	27
услуги проведению корпоративных мероприятий	27
план корпоративного мероприятия	26
корпоративные мероприятия hr	26
корпоративные мероприятия праздники	26
услуги организации корпоративных мероприятий	24
тимбилдинг корпоративные мероприятия	24
корпоративные развлекательные мероприятия	24
корпоративные мероприятия для коллективов	23
корпоративные клиенты для мероприятий	22
корпоративные мероприятия область	22
корпоративное мероприятие юбилей	22
10 корпоративных мероприятий	22
интересные корпоративные мероприятия	22
выездное корпоративное мероприятие	21
корпоративное мероприятие где	21
агентство организации корпоративных мероприятий	21
корпоративные мероприятия идеи	21
компании организация корпоративных мероприятий	21
организаторы корпоративных мероприятий	20
корпоративные мероприятия для сотрудников компании	20
корпоративные мероприятия примеры	20
отель для корпоративного мероприятия	19
тема корпоративного мероприятия	18
формы корпоративных мероприятий	18
бюджет корпоративного мероприятия	18
игры для корпоративных мероприятий	18
корпоративное мероприятие новый год	18
корпоративные мероприятия список	18
ведущий корпоративных мероприятий	17
корпоративные event мероприятия	16
корпоративные мероприятия москва агентство	16
совместные корпоративные мероприятия	15
корпоративное мероприятие под ключ	14
активности на корпоративные мероприятия	13
организация корпоративных деловых мероприятий	13
массовые корпоративные мероприятия	13
организация корпоративного спортивного мероприятия	13
эффективность корпоративных мероприятий	12
корпоративные мероприятия для сплочения	12
концепция корпоративного мероприятия	11
типы корпоративных мероприятий	11
планирование корпоративных мероприятий	10
мастер классы для корпоративных мероприятий	10
корпоративные мероприятия для сплочения коллектива	10
банкеты корпоративные мероприятия	9
организация выездных мероприятий корпоративных	8
как назвать корпоративное мероприятие	8
смета корпоративного мероприятия	8
кейтеринг на корпоративное мероприятие	7
активный корпоративные мероприятия	7
договор организация корпоративного мероприятия	7
затраты на корпоративные мероприятия	7
отель загородом корпоративное мероприятие	7
базы отдыха для корпоративных мероприятий	7
мероприятия для развития корпоративной культуры	7
календарь корпоративных мероприятий	3
организация корпоративных мероприятий под ключ	4
корпоративные мероприятия план на год	4
тематические корпоративные мероприятия	4
