сплочение коллектива	1451
тренинг на сплочение коллектива	70
мероприятия на сплочение коллектива	41
сплочение коллектива организации	31
корпоративное сплочение коллектива	22
сплочение нового коллектива	22
сплочение коллектива на работе	22
формирование и сплочение коллектива	21
как называются мероприятия для сплочения коллектива	16
мероприятие направленное на сплочение коллектива	15
день сплочения коллектива	15
тимбилдинг на сплочение коллектива	13
сплочение взрослого коллектива	13
квест на сплочение коллектива	12
корпоративные мероприятия для сплочения коллектива	10
командообразование сплочение коллектива	9
командные игры на сплочение коллектива	9
мероприятия для сотрудников для сплочения коллектива	9
мероприятия для сплочения коллектива в организации	7
игры на сплочение коллектива взрослых	7
тренинг на командообразование и сплочение коллектива	7
сплочение коллектива в офисе	4
эффективное сплочение коллектива	4
конкурсы на сплочение коллектива на корпоративе	3
корпоратив сплочение коллектива	6
