корпоратив в москве	1954
провести корпоратив москва	182
где провести корпоратив в москве	113
отметить корпоратив в москве	110
проведение корпоративов москва	93
сборный корпоратив москва	91
корпоратив 2026 москва	89
где отметить корпоратив в москве	85
организация корпоративов в москве	83
корпоратив в новой москве	75
корпоратив под ключ москва	68
аренда для корпоратива москва	68
лучший корпоратив москва	58
корпоратив с программой москва	52
корпоратив заказать москва	51
корпоративы в центре москвы	42
корпоратив москва недорого	41
места для корпоративов в москве	39
корпоратив 30 человек москва	38
корпоратив компании москва	34
корпоратив на природе москва	33
корпоратив москва варианты	31
идеи для корпоратива в москве	31
организовать корпоратив в москве	31
корпоратив москва цены	26
где можно провести корпоратив в москве	25
квиз на корпоратив москва	24
шоу на корпоратив москва	23
необычный корпоратив москва	22
куда сходить на корпоратив в москве	22
квесты корпоратив москва	20
агентство корпоративов москва	20
корпоратив мастер класс москва	18
активный корпоратив в москве	16
места для проведения корпоратива в москве	16
сборный корпоратив москва 2027	15
беседка для корпоратива москва	13
картинг корпоратив москва	13
как провести корпоратив с коллегами в москве	12
выездной корпоратив москва	12
корпоратив за городом москва	11
интересный корпоратив в москве	11
игры корпоратив москва	10
организовать корпоратив под ключ в москве	8
корпоратив в москве варианты недорого	6
