аренда беседки с мангалом	2635
аренда беседки с мангалом в москве	663
аренда теплой беседки с мангалом	159
крытые беседки с мангалом аренда	113
аренда беседки с мангалом в подмосковье	100
аренда закрытых беседок с мангалом	87
аренда теплой беседки с мангалом в москве	50
аренда беседки с мангалом в одинцово	41
аренда теплой беседки с мангалом в подмосковье	25
аренда беседки с мангалом московская область	21
беседки с мангалом аренда отдых	19
аренда беседки с мангалом рядом	17
аренда беседок с мангалом у воды	17
беседки в красногорске аренда с мангалом	15
аренда беседки с мангалом нахабино	14
беседки крытые с мангалом барбекю аренда	11
беседки аренда с мангалом в парке	11
аренда беседок с мангалом с рыбалкой	9
беседки для шашлыков с мангалами аренда	6
аренда беседки с мангалом на 15 человек	5
беседки с мангалом на природе аренда	5
