корпоративные праздники	210
программа корпоративного праздника	37
проведение корпоративны праздников	31
корпоративные мероприятия праздники	26
корпоративные праздники компании	25
корпоративные праздники 2026	18
корпоративный спортивный праздник	16
организации корпоративных праздников	15
корпоративные праздники дни	13
организация корпоративных мероприятий праздников	7
проведение праздников корпоративных мероприятий	7
семейный корпоративный праздник	5
провести корпоративный праздник	4
корпоративные праздники варианты	2
