Q0037	нужны ли права на квадроцикл	1014	основной запрос статьи	https://wordstat.yandex.ru/?region=1&words=%22%D0%BD%D1%83%D0%B6%D0%BD%D1%8B%20%D0%BB%D0%B8%20%D0%BF%D1%80%D0%B0%D0%B2%D0%B0%20%D0%BD%D0%B0%20%D0%BA%D0%B2%D0%B0%D0%B4%D1%80%D0%BE%D1%86%D0%B8%D0%BA%D0%BB%22
Q0014	какие права на квадроцикл	2955	основной запрос статьи	https://wordstat.yandex.ru/?region=1&words=%22%D0%BA%D0%B0%D0%BA%D0%B8%D0%B5%20%D0%BF%D1%80%D0%B0%D0%B2%D0%B0%20%D0%BD%D0%B0%20%D0%BA%D0%B2%D0%B0%D0%B4%D1%80%D0%BE%D1%86%D0%B8%D0%BA%D0%BB%22
Q0130	права на квадроцикл со скольки лет	208	основной запрос статьи	https://wordstat.yandex.ru/?region=1&words=%22%D0%BF%D1%80%D0%B0%D0%B2%D0%B0%20%D0%BD%D0%B0%20%D0%BA%D0%B2%D0%B0%D0%B4%D1%80%D0%BE%D1%86%D0%B8%D0%BA%D0%BB%20%D1%81%D0%BE%20%D1%81%D0%BA%D0%BE%D0%BB%D1%8C%D0%BA%D0%B8%20%D0%BB%D0%B5%D1%82%22
Q0294	нужны ли права на снегоход	78	основной запрос статьи	https://wordstat.yandex.ru/?region=1&words=%22%D0%BD%D1%83%D0%B6%D0%BD%D1%8B%20%D0%BB%D0%B8%20%D0%BF%D1%80%D0%B0%D0%B2%D0%B0%20%D0%BD%D0%B0%20%D1%81%D0%BD%D0%B5%D0%B3%D0%BE%D1%85%D0%BE%D0%B4%22
Q0407	регистрация и права на квадроцикл	49	основной запрос статьи	https://wordstat.yandex.ru/?region=1&words=%22%D1%80%D0%B5%D0%B3%D0%B8%D1%81%D1%82%D1%80%D0%B0%D1%86%D0%B8%D1%8F%20%D0%B8%20%D0%BF%D1%80%D0%B0%D0%B2%D0%B0%20%D0%BD%D0%B0%20%D0%BA%D0%B2%D0%B0%D0%B4%D1%80%D0%BE%D1%86%D0%B8%D0%BA%D0%BB%22
Q0532	штраф за езду на квадроцикле без прав	32	основной запрос статьи	https://wordstat.yandex.ru/?region=1&words=%22%D1%88%D1%82%D1%80%D0%B0%D1%84%20%D0%B7%D0%B0%20%D0%B5%D0%B7%D0%B4%D1%83%20%D0%BD%D0%B0%20%D0%BA%D0%B2%D0%B0%D0%B4%D1%80%D0%BE%D1%86%D0%B8%D0%BA%D0%BB%D0%B5%20%D0%B1%D0%B5%D0%B7%20%D0%BF%D1%80%D0%B0%D0%B2%22
Q0925	где можно кататься на квадроцикле без прав	13	основной запрос статьи	https://wordstat.yandex.ru/?region=1&words=%22%D0%B3%D0%B4%D0%B5%20%D0%BC%D0%BE%D0%B6%D0%BD%D0%BE%20%D0%BA%D0%B0%D1%82%D0%B0%D1%82%D1%8C%D1%81%D1%8F%20%D0%BD%D0%B0%20%D0%BA%D0%B2%D0%B0%D0%B4%D1%80%D0%BE%D1%86%D0%B8%D0%BA%D0%BB%D0%B5%20%D0%B1%D0%B5%D0%B7%20%D0%BF%D1%80%D0%B0%D0%B2%22
Q0054	правами можно ездить на квадроцикле	643	основной запрос статьи	https://wordstat.yandex.ru/?region=1&words=%22%D0%BF%D1%80%D0%B0%D0%B2%D0%B0%D0%BC%D0%B8%20%D0%BC%D0%BE%D0%B6%D0%BD%D0%BE%20%D0%B5%D0%B7%D0%B4%D0%B8%D1%82%D1%8C%20%D0%BD%D0%B0%20%D0%BA%D0%B2%D0%B0%D0%B4%D1%80%D0%BE%D1%86%D0%B8%D0%BA%D0%BB%D0%B5%22
Q0234	права на квадроцикл 200 кубов	102	основной запрос статьи	https://wordstat.yandex.ru/?region=1&words=%22%D0%BF%D1%80%D0%B0%D0%B2%D0%B0%20%D0%BD%D0%B0%20%D0%BA%D0%B2%D0%B0%D0%B4%D1%80%D0%BE%D1%86%D0%B8%D0%BA%D0%BB%20200%20%D0%BA%D1%83%D0%B1%D0%BE%D0%B2%22
Q0716	договор проката квадроцикла	20	основной запрос статьи	https://wordstat.yandex.ru/?region=1&words=%22%D0%B4%D0%BE%D0%B3%D0%BE%D0%B2%D0%BE%D1%80%20%D0%BF%D1%80%D0%BE%D0%BA%D0%B0%D1%82%D0%B0%20%D0%BA%D0%B2%D0%B0%D0%B4%D1%80%D0%BE%D1%86%D0%B8%D0%BA%D0%BB%D0%B0%22
Q1013	прокат квадроцикл отзывы	10	основной запрос статьи	https://wordstat.yandex.ru/?region=1&words=%22%D0%BF%D1%80%D0%BE%D0%BA%D0%B0%D1%82%20%D0%BA%D0%B2%D0%B0%D0%B4%D1%80%D0%BE%D1%86%D0%B8%D0%BA%D0%BB%20%D0%BE%D1%82%D0%B7%D1%8B%D0%B2%D1%8B%22
Q1442	багги это квадроцикл или квадрицикл	3	основной запрос статьи	https://wordstat.yandex.ru/?region=1&words=%22%D0%B1%D0%B0%D0%B3%D0%B3%D0%B8%20%D1%8D%D1%82%D0%BE%20%D0%BA%D0%B2%D0%B0%D0%B4%D1%80%D0%BE%D1%86%D0%B8%D0%BA%D0%BB%20%D0%B8%D0%BB%D0%B8%20%D0%BA%D0%B2%D0%B0%D0%B4%D1%80%D0%B8%D1%86%D0%B8%D0%BA%D0%BB%22
Q0656	нужны ли права на детский квадроцикл	24	основной запрос статьи	https://wordstat.yandex.ru/?region=1&words=%22%D0%BD%D1%83%D0%B6%D0%BD%D1%8B%20%D0%BB%D0%B8%20%D0%BF%D1%80%D0%B0%D0%B2%D0%B0%20%D0%BD%D0%B0%20%D0%B4%D0%B5%D1%82%D1%81%D0%BA%D0%B8%D0%B9%20%D0%BA%D0%B2%D0%B0%D0%B4%D1%80%D0%BE%D1%86%D0%B8%D0%BA%D0%BB%22
Q0471	гостехнадзор права на квадроцикл	39	основной запрос статьи	https://wordstat.yandex.ru/?region=1&words=%22%D0%B3%D0%BE%D1%81%D1%82%D0%B5%D1%85%D0%BD%D0%B0%D0%B4%D0%B7%D0%BE%D1%80%20%D0%BF%D1%80%D0%B0%D0%B2%D0%B0%20%D0%BD%D0%B0%20%D0%BA%D0%B2%D0%B0%D0%B4%D1%80%D0%BE%D1%86%D0%B8%D0%BA%D0%BB%22
Q0035	права на квадроцикл 2026	1063	основной запрос статьи	https://wordstat.yandex.ru/?region=1&words=%22%D0%BF%D1%80%D0%B0%D0%B2%D0%B0%20%D0%BD%D0%B0%20%D0%BA%D0%B2%D0%B0%D0%B4%D1%80%D0%BE%D1%86%D0%B8%D0%BA%D0%BB%202026%22
Q0137	можно ездить на квадроцикле без прав	195	основной запрос статьи	https://wordstat.yandex.ru/?region=1&words=%22%D0%BC%D0%BE%D0%B6%D0%BD%D0%BE%20%D0%B5%D0%B7%D0%B4%D0%B8%D1%82%D1%8C%20%D0%BD%D0%B0%20%D0%BA%D0%B2%D0%B0%D0%B4%D1%80%D0%BE%D1%86%D0%B8%D0%BA%D0%BB%D0%B5%20%D0%B1%D0%B5%D0%B7%20%D0%BF%D1%80%D0%B0%D0%B2%22
Q1465	правила проката квадроциклов	2	основной запрос статьи	https://wordstat.yandex.ru/?region=1&words=%22%D0%BF%D1%80%D0%B0%D0%B2%D0%B8%D0%BB%D0%B0%20%D0%BF%D1%80%D0%BE%D0%BA%D0%B0%D1%82%D0%B0%20%D0%BA%D0%B2%D0%B0%D0%B4%D1%80%D0%BE%D1%86%D0%B8%D0%BA%D0%BB%D0%BE%D0%B2%22
Q0021	покататься на квадроциклах	1980	основной запрос статьи	https://wordstat.yandex.ru/?region=1&words=%22%D0%BF%D0%BE%D0%BA%D0%B0%D1%82%D0%B0%D1%82%D1%8C%D1%81%D1%8F%20%D0%BD%D0%B0%20%D0%BA%D0%B2%D0%B0%D0%B4%D1%80%D0%BE%D1%86%D0%B8%D0%BA%D0%BB%D0%B0%D1%85%22
Q0203	как управлять квадроциклом	122	основной запрос статьи	https://wordstat.yandex.ru/?region=1&words=%22%D0%BA%D0%B0%D0%BA%20%D1%83%D0%BF%D1%80%D0%B0%D0%B2%D0%BB%D1%8F%D1%82%D1%8C%20%D0%BA%D0%B2%D0%B0%D0%B4%D1%80%D0%BE%D1%86%D0%B8%D0%BA%D0%BB%D0%BE%D0%BC%22
Q0735	покататься на квадроциклах по грязи	19	основной запрос статьи	https://wordstat.yandex.ru/?region=1&words=%22%D0%BF%D0%BE%D0%BA%D0%B0%D1%82%D0%B0%D1%82%D1%8C%D1%81%D1%8F%20%D0%BD%D0%B0%20%D0%BA%D0%B2%D0%B0%D0%B4%D1%80%D0%BE%D1%86%D0%B8%D0%BA%D0%BB%D0%B0%D1%85%20%D0%BF%D0%BE%20%D0%B3%D1%80%D1%8F%D0%B7%D0%B8%22
Q0379	покататься на квадроциклах недорого	55	основной запрос статьи	https://wordstat.yandex.ru/?region=1&words=%22%D0%BF%D0%BE%D0%BA%D0%B0%D1%82%D0%B0%D1%82%D1%8C%D1%81%D1%8F%20%D0%BD%D0%B0%20%D0%BA%D0%B2%D0%B0%D0%B4%D1%80%D0%BE%D1%86%D0%B8%D0%BA%D0%BB%D0%B0%D1%85%20%D0%BD%D0%B5%D0%B4%D0%BE%D1%80%D0%BE%D0%B3%D0%BE%22
Q1022	катание на квадроциклах на двоих	10	основной запрос статьи	https://wordstat.yandex.ru/?region=1&words=%22%D0%BA%D0%B0%D1%82%D0%B0%D0%BD%D0%B8%D0%B5%20%D0%BD%D0%B0%20%D0%BA%D0%B2%D0%B0%D0%B4%D1%80%D0%BE%D1%86%D0%B8%D0%BA%D0%BB%D0%B0%D1%85%20%D0%BD%D0%B0%20%D0%B4%D0%B2%D0%BE%D0%B8%D1%85%22
Q0822	инструктор проката квадроциклов	15	основной запрос статьи	https://wordstat.yandex.ru/?region=1&words=%22%D0%B8%D0%BD%D1%81%D1%82%D1%80%D1%83%D0%BA%D1%82%D0%BE%D1%80%20%D0%BF%D1%80%D0%BE%D0%BA%D0%B0%D1%82%D0%B0%20%D0%BA%D0%B2%D0%B0%D0%B4%D1%80%D0%BE%D1%86%D0%B8%D0%BA%D0%BB%D0%BE%D0%B2%22
Q1277	прокат квадроциклов на день	5	основной запрос статьи	https://wordstat.yandex.ru/?region=1&words=%22%D0%BF%D1%80%D0%BE%D0%BA%D0%B0%D1%82%20%D0%BA%D0%B2%D0%B0%D0%B4%D1%80%D0%BE%D1%86%D0%B8%D0%BA%D0%BB%D0%BE%D0%B2%20%D0%BD%D0%B0%20%D0%B4%D0%B5%D0%BD%D1%8C%22
Q1232	прокат квадроциклов видео	6	основной запрос статьи	https://wordstat.yandex.ru/?region=1&words=%22%D0%BF%D1%80%D0%BE%D0%BA%D0%B0%D1%82%20%D0%BA%D0%B2%D0%B0%D0%B4%D1%80%D0%BE%D1%86%D0%B8%D0%BA%D0%BB%D0%BE%D0%B2%20%D0%B2%D0%B8%D0%B4%D0%B5%D0%BE%22
Q0954	как называется катание на квадроциклах	12	основной запрос статьи	https://wordstat.yandex.ru/?region=1&words=%22%D0%BA%D0%B0%D0%BA%20%D0%BD%D0%B0%D0%B7%D1%8B%D0%B2%D0%B0%D0%B5%D1%82%D1%81%D1%8F%20%D0%BA%D0%B0%D1%82%D0%B0%D0%BD%D0%B8%D0%B5%20%D0%BD%D0%B0%20%D0%BA%D0%B2%D0%B0%D0%B4%D1%80%D0%BE%D1%86%D0%B8%D0%BA%D0%BB%D0%B0%D1%85%22
Q0106	корпоратив на природе	279	основной запрос статьи	https://wordstat.yandex.ru/?region=1&words=%22%D0%BA%D0%BE%D1%80%D0%BF%D0%BE%D1%80%D0%B0%D1%82%D0%B8%D0%B2%20%D0%BD%D0%B0%20%D0%BF%D1%80%D0%B8%D1%80%D0%BE%D0%B4%D0%B5%22
Q1063	квадроцикл для проката какой	9	основной запрос статьи	https://wordstat.yandex.ru/?region=1&words=%22%D0%BA%D0%B2%D0%B0%D0%B4%D1%80%D0%BE%D1%86%D0%B8%D0%BA%D0%BB%20%D0%B4%D0%BB%D1%8F%20%D0%BF%D1%80%D0%BE%D0%BA%D0%B0%D1%82%D0%B0%20%D0%BA%D0%B0%D0%BA%D0%BE%D0%B9%22
Q0932	квадроцикл или багги что выбрать	13	основной запрос статьи	https://wordstat.yandex.ru/?region=1&words=%22%D0%BA%D0%B2%D0%B0%D0%B4%D1%80%D0%BE%D1%86%D0%B8%D0%BA%D0%BB%20%D0%B8%D0%BB%D0%B8%20%D0%B1%D0%B0%D0%B3%D0%B3%D0%B8%20%D1%87%D1%82%D0%BE%20%D0%B2%D1%8B%D0%B1%D1%80%D0%B0%D1%82%D1%8C%22
Q0722	костюм для катания на квадроцикле	20	основной запрос статьи	https://wordstat.yandex.ru/?region=1&words=%22%D0%BA%D0%BE%D1%81%D1%82%D1%8E%D0%BC%20%D0%B4%D0%BB%D1%8F%20%D0%BA%D0%B0%D1%82%D0%B0%D0%BD%D0%B8%D1%8F%20%D0%BD%D0%B0%20%D0%BA%D0%B2%D0%B0%D0%B4%D1%80%D0%BE%D1%86%D0%B8%D0%BA%D0%BB%D0%B5%22
Q0089	экипировка для квадроцикла	322	основной запрос статьи	https://wordstat.yandex.ru/?region=1&words=%22%D1%8D%D0%BA%D0%B8%D0%BF%D0%B8%D1%80%D0%BE%D0%B2%D0%BA%D0%B0%20%D0%B4%D0%BB%D1%8F%20%D0%BA%D0%B2%D0%B0%D0%B4%D1%80%D0%BE%D1%86%D0%B8%D0%BA%D0%BB%D0%B0%22
Q1543	экипировка для квадроцикла шлем	1	основной запрос статьи	https://wordstat.yandex.ru/?region=1&words=%22%D1%8D%D0%BA%D0%B8%D0%BF%D0%B8%D1%80%D0%BE%D0%B2%D0%BA%D0%B0%20%D0%B4%D0%BB%D1%8F%20%D0%BA%D0%B2%D0%B0%D0%B4%D1%80%D0%BE%D1%86%D0%B8%D0%BA%D0%BB%D0%B0%20%D1%88%D0%BB%D0%B5%D0%BC%22
Q0594	детская экипировка для квадроцикла	28	основной запрос статьи	https://wordstat.yandex.ru/?region=1&words=%22%D0%B4%D0%B5%D1%82%D1%81%D0%BA%D0%B0%D1%8F%20%D1%8D%D0%BA%D0%B8%D0%BF%D0%B8%D1%80%D0%BE%D0%B2%D0%BA%D0%B0%20%D0%B4%D0%BB%D1%8F%20%D0%BA%D0%B2%D0%B0%D0%B4%D1%80%D0%BE%D1%86%D0%B8%D0%BA%D0%BB%D0%B0%22
Q1489	зимняя экипировка для квадроцикла	2	основной запрос статьи	https://wordstat.yandex.ru/?region=1&words=%22%D0%B7%D0%B8%D0%BC%D0%BD%D1%8F%D1%8F%20%D1%8D%D0%BA%D0%B8%D0%BF%D0%B8%D1%80%D0%BE%D0%B2%D0%BA%D0%B0%20%D0%B4%D0%BB%D1%8F%20%D0%BA%D0%B2%D0%B0%D0%B4%D1%80%D0%BE%D1%86%D0%B8%D0%BA%D0%BB%D0%B0%22
Q0798	экипировка для квадроцикла женская	17	основной запрос статьи	https://wordstat.yandex.ru/?region=1&words=%22%D1%8D%D0%BA%D0%B8%D0%BF%D0%B8%D1%80%D0%BE%D0%B2%D0%BA%D0%B0%20%D0%B4%D0%BB%D1%8F%20%D0%BA%D0%B2%D0%B0%D0%B4%D1%80%D0%BE%D1%86%D0%B8%D0%BA%D0%BB%D0%B0%20%D0%B6%D0%B5%D0%BD%D1%81%D0%BA%D0%B0%D1%8F%22
Q1193	что надеть на корпоратив на природе	7	основной запрос статьи	https://wordstat.yandex.ru/?region=1&words=%22%D1%87%D1%82%D0%BE%20%D0%BD%D0%B0%D0%B4%D0%B5%D1%82%D1%8C%20%D0%BD%D0%B0%20%D0%BA%D0%BE%D1%80%D0%BF%D0%BE%D1%80%D0%B0%D1%82%D0%B8%D0%B2%20%D0%BD%D0%B0%20%D0%BF%D1%80%D0%B8%D1%80%D0%BE%D0%B4%D0%B5%22
Q0241	багги или квадроцикл	99	основной запрос статьи	https://wordstat.yandex.ru/?region=1&words=%22%D0%B1%D0%B0%D0%B3%D0%B3%D0%B8%20%D0%B8%D0%BB%D0%B8%20%D0%BA%D0%B2%D0%B0%D0%B4%D1%80%D0%BE%D1%86%D0%B8%D0%BA%D0%BB%22
Q1121	прокат снегохода квадроцикла	8	основной запрос статьи	https://wordstat.yandex.ru/?region=1&words=%22%D0%BF%D1%80%D0%BE%D0%BA%D0%B0%D1%82%20%D1%81%D0%BD%D0%B5%D0%B3%D0%BE%D1%85%D0%BE%D0%B4%D0%B0%20%D0%BA%D0%B2%D0%B0%D0%B4%D1%80%D0%BE%D1%86%D0%B8%D0%BA%D0%BB%D0%B0%22
Q0685	прокат вездеходов	22	основной запрос статьи	https://wordstat.yandex.ru/?region=1&words=%22%D0%BF%D1%80%D0%BE%D0%BA%D0%B0%D1%82%20%D0%B2%D0%B5%D0%B7%D0%B4%D0%B5%D1%85%D0%BE%D0%B4%D0%BE%D0%B2%22
Q0173	прокат снегоходов	145	основной запрос статьи	https://wordstat.yandex.ru/?region=1&words=%22%D0%BF%D1%80%D0%BE%D0%BA%D0%B0%D1%82%20%D1%81%D0%BD%D0%B5%D0%B3%D0%BE%D1%85%D0%BE%D0%B4%D0%BE%D0%B2%22
Q0539	прокат питбайков и квадроциклов	31	основной запрос статьи	https://wordstat.yandex.ru/?region=1&words=%22%D0%BF%D1%80%D0%BE%D0%BA%D0%B0%D1%82%20%D0%BF%D0%B8%D1%82%D0%B1%D0%B0%D0%B9%D0%BA%D0%BE%D0%B2%20%D0%B8%20%D0%BA%D0%B2%D0%B0%D0%B4%D1%80%D0%BE%D1%86%D0%B8%D0%BA%D0%BB%D0%BE%D0%B2%22
Q0230	детский квадроцикл скорость	104	основной запрос статьи	https://wordstat.yandex.ru/?region=1&words=%22%D0%B4%D0%B5%D1%82%D1%81%D0%BA%D0%B8%D0%B9%20%D0%BA%D0%B2%D0%B0%D0%B4%D1%80%D0%BE%D1%86%D0%B8%D0%BA%D0%BB%20%D1%81%D0%BA%D0%BE%D1%80%D0%BE%D1%81%D1%82%D1%8C%22
Q1144	как управлять квадроциклом инструкция	8	основной запрос статьи	https://wordstat.yandex.ru/?region=1&words=%22%D0%BA%D0%B0%D0%BA%20%D1%83%D0%BF%D1%80%D0%B0%D0%B2%D0%BB%D1%8F%D1%82%D1%8C%20%D0%BA%D0%B2%D0%B0%D0%B4%D1%80%D0%BE%D1%86%D0%B8%D0%BA%D0%BB%D0%BE%D0%BC%20%D0%B8%D0%BD%D1%81%D1%82%D1%80%D1%83%D0%BA%D1%86%D0%B8%D1%8F%22
Q0148	катание на снегоходах	172	основной запрос статьи	https://wordstat.yandex.ru/?region=1&words=%22%D0%BA%D0%B0%D1%82%D0%B0%D0%BD%D0%B8%D0%B5%20%D0%BD%D0%B0%20%D1%81%D0%BD%D0%B5%D0%B3%D0%BE%D1%85%D0%BE%D0%B4%D0%B0%D1%85%22
Q1307	рации для катания на снегоходе	5	основной запрос статьи	https://wordstat.yandex.ru/?region=1&words=%22%D1%80%D0%B0%D1%86%D0%B8%D0%B8%20%D0%B4%D0%BB%D1%8F%20%D0%BA%D0%B0%D1%82%D0%B0%D0%BD%D0%B8%D1%8F%20%D0%BD%D0%B0%20%D1%81%D0%BD%D0%B5%D0%B3%D0%BE%D1%85%D0%BE%D0%B4%D0%B5%22
Q0064	квадроцикл зимой	552	основной запрос статьи	https://wordstat.yandex.ru/?region=1&words=%22%D0%BA%D0%B2%D0%B0%D0%B4%D1%80%D0%BE%D1%86%D0%B8%D0%BA%D0%BB%20%D0%B7%D0%B8%D0%BC%D0%BE%D0%B9%22
Q0244	снегоходы подмосковье	96	основной запрос статьи	https://wordstat.yandex.ru/?region=1&words=%22%D1%81%D0%BD%D0%B5%D0%B3%D0%BE%D1%85%D0%BE%D0%B4%D1%8B%20%D0%BF%D0%BE%D0%B4%D0%BC%D0%BE%D1%81%D0%BA%D0%BE%D0%B2%D1%8C%D0%B5%22
Q1019	прокат снегоходов в подмосковье	10	основной запрос статьи	https://wordstat.yandex.ru/?region=1&words=%22%D0%BF%D1%80%D0%BE%D0%BA%D0%B0%D1%82%20%D1%81%D0%BD%D0%B5%D0%B3%D0%BE%D1%85%D0%BE%D0%B4%D0%BE%D0%B2%20%D0%B2%20%D0%BF%D0%BE%D0%B4%D0%BC%D0%BE%D1%81%D0%BA%D0%BE%D0%B2%D1%8C%D0%B5%22
Q1078	катание на снегоходе на санках	9	основной запрос статьи	https://wordstat.yandex.ru/?region=1&words=%22%D0%BA%D0%B0%D1%82%D0%B0%D0%BD%D0%B8%D0%B5%20%D0%BD%D0%B0%20%D1%81%D0%BD%D0%B5%D0%B3%D0%BE%D1%85%D0%BE%D0%B4%D0%B5%20%D0%BD%D0%B0%20%D1%81%D0%B0%D0%BD%D0%BA%D0%B0%D1%85%22
Q1505	как квадроцикл подготовить к зиме	2	основной запрос статьи	https://wordstat.yandex.ru/?region=1&words=%22%D0%BA%D0%B0%D0%BA%20%D0%BA%D0%B2%D0%B0%D0%B4%D1%80%D0%BE%D1%86%D0%B8%D0%BA%D0%BB%20%D0%BF%D0%BE%D0%B4%D0%B3%D0%BE%D1%82%D0%BE%D0%B2%D0%B8%D1%82%D1%8C%20%D0%BA%20%D0%B7%D0%B8%D0%BC%D0%B5%22
Q1360	места катания на горном снегоходе	4	основной запрос статьи	https://wordstat.yandex.ru/?region=1&words=%22%D0%BC%D0%B5%D1%81%D1%82%D0%B0%20%D0%BA%D0%B0%D1%82%D0%B0%D0%BD%D0%B8%D1%8F%20%D0%BD%D0%B0%20%D0%B3%D0%BE%D1%80%D0%BD%D0%BE%D0%BC%20%D1%81%D0%BD%D0%B5%D0%B3%D0%BE%D1%85%D0%BE%D0%B4%D0%B5%22
Q1535	идеи для корпоратива на природе	1	основной запрос статьи	https://wordstat.yandex.ru/?region=1&words=%22%D0%B8%D0%B4%D0%B5%D0%B8%20%D0%B4%D0%BB%D1%8F%20%D0%BA%D0%BE%D1%80%D0%BF%D0%BE%D1%80%D0%B0%D1%82%D0%B8%D0%B2%D0%B0%20%D0%BD%D0%B0%20%D0%BF%D1%80%D0%B8%D1%80%D0%BE%D0%B4%D0%B5%22
Q0036	тимбилдинг это простыми словами	1057	основной запрос статьи	https://wordstat.yandex.ru/?region=1&words=%22%D1%82%D0%B8%D0%BC%D0%B1%D0%B8%D0%BB%D0%B4%D0%B8%D0%BD%D0%B3%20%D1%8D%D1%82%D0%BE%20%D0%BF%D1%80%D0%BE%D1%81%D1%82%D1%8B%D0%BC%D0%B8%20%D1%81%D0%BB%D0%BE%D0%B2%D0%B0%D0%BC%D0%B8%22
Q0958	виды тимбилдинга	12	основной запрос статьи	https://wordstat.yandex.ru/?region=1&words=%22%D0%B2%D0%B8%D0%B4%D1%8B%20%D1%82%D0%B8%D0%BC%D0%B1%D0%B8%D0%BB%D0%B4%D0%B8%D0%BD%D0%B3%D0%B0%22
Q0766	новогодние корпоративы цена	18	основной запрос статьи	https://wordstat.yandex.ru/?region=1&words=%22%D0%BD%D0%BE%D0%B2%D0%BE%D0%B3%D0%BE%D0%B4%D0%BD%D0%B8%D0%B5%20%D0%BA%D0%BE%D1%80%D0%BF%D0%BE%D1%80%D0%B0%D1%82%D0%B8%D0%B2%D1%8B%20%D1%86%D0%B5%D0%BD%D0%B0%22
Q0186	организация корпоратива под ключ	137	основной запрос статьи	https://wordstat.yandex.ru/?region=1&words=%22%D0%BE%D1%80%D0%B3%D0%B0%D0%BD%D0%B8%D0%B7%D0%B0%D1%86%D0%B8%D1%8F%20%D0%BA%D0%BE%D1%80%D0%BF%D0%BE%D1%80%D0%B0%D1%82%D0%B8%D0%B2%D0%B0%20%D0%BF%D0%BE%D0%B4%20%D0%BA%D0%BB%D1%8E%D1%87%22
Q0484	тимбилдинг квест	36	основной запрос статьи	https://wordstat.yandex.ru/?region=1&words=%22%D1%82%D0%B8%D0%BC%D0%B1%D0%B8%D0%BB%D0%B4%D0%B8%D0%BD%D0%B3%20%D0%BA%D0%B2%D0%B5%D1%81%D1%82%22
Q0913	корпоратив на природе где	13	основной запрос статьи	https://wordstat.yandex.ru/?region=1&words=%22%D0%BA%D0%BE%D1%80%D0%BF%D0%BE%D1%80%D0%B0%D1%82%D0%B8%D0%B2%20%D0%BD%D0%B0%20%D0%BF%D1%80%D0%B8%D1%80%D0%BE%D0%B4%D0%B5%20%D0%B3%D0%B4%D0%B5%22
Q0765	организация проведение корпоративов	18	основной запрос статьи	https://wordstat.yandex.ru/?region=1&words=%22%D0%BE%D1%80%D0%B3%D0%B0%D0%BD%D0%B8%D0%B7%D0%B0%D1%86%D0%B8%D1%8F%20%D0%BF%D1%80%D0%BE%D0%B2%D0%B5%D0%B4%D0%B5%D0%BD%D0%B8%D0%B5%20%D0%BA%D0%BE%D1%80%D0%BF%D0%BE%D1%80%D0%B0%D1%82%D0%B8%D0%B2%D0%BE%D0%B2%22
Q0157	выездной корпоратив	167	основной запрос статьи	https://wordstat.yandex.ru/?region=1&words=%22%D0%B2%D1%8B%D0%B5%D0%B7%D0%B4%D0%BD%D0%BE%D0%B9%20%D0%BA%D0%BE%D1%80%D0%BF%D0%BE%D1%80%D0%B0%D1%82%D0%B8%D0%B2%22
Q0840	организация мероприятий корпоративов	15	основной запрос статьи	https://wordstat.yandex.ru/?region=1&words=%22%D0%BE%D1%80%D0%B3%D0%B0%D0%BD%D0%B8%D0%B7%D0%B0%D1%86%D0%B8%D1%8F%20%D0%BC%D0%B5%D1%80%D0%BE%D0%BF%D1%80%D0%B8%D1%8F%D1%82%D0%B8%D0%B9%20%D0%BA%D0%BE%D1%80%D0%BF%D0%BE%D1%80%D0%B0%D1%82%D0%B8%D0%B2%D0%BE%D0%B2%22
Q0651	время новогодних корпоративов	24	основной запрос статьи	https://wordstat.yandex.ru/?region=1&words=%22%D0%B2%D1%80%D0%B5%D0%BC%D1%8F%20%D0%BD%D0%BE%D0%B2%D0%BE%D0%B3%D0%BE%D0%B4%D0%BD%D0%B8%D1%85%20%D0%BA%D0%BE%D1%80%D0%BF%D0%BE%D1%80%D0%B0%D1%82%D0%B8%D0%B2%D0%BE%D0%B2%22
Q0382	идеи для новогоднего корпоратива	55	основной запрос статьи	https://wordstat.yandex.ru/?region=1&words=%22%D0%B8%D0%B4%D0%B5%D0%B8%20%D0%B4%D0%BB%D1%8F%20%D0%BD%D0%BE%D0%B2%D0%BE%D0%B3%D0%BE%D0%B4%D0%BD%D0%B5%D0%B3%D0%BE%20%D0%BA%D0%BE%D1%80%D0%BF%D0%BE%D1%80%D0%B0%D1%82%D0%B8%D0%B2%D0%B0%22
Q0877	зимние тимбилдинги	14	основной запрос статьи	https://wordstat.yandex.ru/?region=1&words=%22%D0%B7%D0%B8%D0%BC%D0%BD%D0%B8%D0%B5%20%D1%82%D0%B8%D0%BC%D0%B1%D0%B8%D0%BB%D0%B4%D0%B8%D0%BD%D0%B3%D0%B8%22
Q0999	как провести новогодний корпоратив с коллегами идеи	11	основной запрос статьи	https://wordstat.yandex.ru/?region=1&words=%22%D0%BA%D0%B0%D0%BA%20%D0%BF%D1%80%D0%BE%D0%B2%D0%B5%D1%81%D1%82%D0%B8%20%D0%BD%D0%BE%D0%B2%D0%BE%D0%B3%D0%BE%D0%B4%D0%BD%D0%B8%D0%B9%20%D0%BA%D0%BE%D1%80%D0%BF%D0%BE%D1%80%D0%B0%D1%82%D0%B8%D0%B2%20%D1%81%20%D0%BA%D0%BE%D0%BB%D0%BB%D0%B5%D0%B3%D0%B0%D0%BC%D0%B8%20%D0%B8%D0%B4%D0%B5%D0%B8%22
Q0077	тимбилдинг для сотрудников	396	основной запрос статьи	https://wordstat.yandex.ru/?region=1&words=%22%D1%82%D0%B8%D0%BC%D0%B1%D0%B8%D0%BB%D0%B4%D0%B8%D0%BD%D0%B3%20%D0%B4%D0%BB%D1%8F%20%D1%81%D0%BE%D1%82%D1%80%D1%83%D0%B4%D0%BD%D0%B8%D0%BA%D0%BE%D0%B2%22
Q0706	корпоратив на квадроциклах	21	основной запрос статьи	https://wordstat.yandex.ru/?region=1&words=%22%D0%BA%D0%BE%D1%80%D0%BF%D0%BE%D1%80%D0%B0%D1%82%D0%B8%D0%B2%20%D0%BD%D0%B0%20%D0%BA%D0%B2%D0%B0%D0%B4%D1%80%D0%BE%D1%86%D0%B8%D0%BA%D0%BB%D0%B0%D1%85%22
Q0025	где отметить день рождения взрослому	1484	основной запрос статьи	https://wordstat.yandex.ru/?region=1&words=%22%D0%B3%D0%B4%D0%B5%20%D0%BE%D1%82%D0%BC%D0%B5%D1%82%D0%B8%D1%82%D1%8C%20%D0%B4%D0%B5%D0%BD%D1%8C%20%D1%80%D0%BE%D0%B6%D0%B4%D0%B5%D0%BD%D0%B8%D1%8F%20%D0%B2%D0%B7%D1%80%D0%BE%D1%81%D0%BB%D0%BE%D0%BC%D1%83%22
Q0118	где необычно отметить день рождение	229	основной запрос статьи	https://wordstat.yandex.ru/?region=1&words=%22%D0%B3%D0%B4%D0%B5%20%D0%BD%D0%B5%D0%BE%D0%B1%D1%8B%D1%87%D0%BD%D0%BE%20%D0%BE%D1%82%D0%BC%D0%B5%D1%82%D0%B8%D1%82%D1%8C%20%D0%B4%D0%B5%D0%BD%D1%8C%20%D1%80%D0%BE%D0%B6%D0%B4%D0%B5%D0%BD%D0%B8%D0%B5%22
Q0343	где отметить день рождения на природе	65	основной запрос статьи	https://wordstat.yandex.ru/?region=1&words=%22%D0%B3%D0%B4%D0%B5%20%D0%BE%D1%82%D0%BC%D0%B5%D1%82%D0%B8%D1%82%D1%8C%20%D0%B4%D0%B5%D0%BD%D1%8C%20%D1%80%D0%BE%D0%B6%D0%B4%D0%B5%D0%BD%D0%B8%D1%8F%20%D0%BD%D0%B0%20%D0%BF%D1%80%D0%B8%D1%80%D0%BE%D0%B4%D0%B5%22
Q0038	где отметить день рождения подростка	953	основной запрос статьи	https://wordstat.yandex.ru/?region=1&words=%22%D0%B3%D0%B4%D0%B5%20%D0%BE%D1%82%D0%BC%D0%B5%D1%82%D0%B8%D1%82%D1%8C%20%D0%B4%D0%B5%D0%BD%D1%8C%20%D1%80%D0%BE%D0%B6%D0%B4%D0%B5%D0%BD%D0%B8%D1%8F%20%D0%BF%D0%BE%D0%B4%D1%80%D0%BE%D1%81%D1%82%D0%BA%D0%B0%22
Q0445	где провести мальчишник	43	основной запрос статьи	https://wordstat.yandex.ru/?region=1&words=%22%D0%B3%D0%B4%D0%B5%20%D0%BF%D1%80%D0%BE%D0%B2%D0%B5%D1%81%D1%82%D0%B8%20%D0%BC%D0%B0%D0%BB%D1%8C%D1%87%D0%B8%D1%88%D0%BD%D0%B8%D0%BA%22
Q0467	подарочный сертификат мужчине впечатления	39	основной запрос статьи	https://wordstat.yandex.ru/?region=1&words=%22%D0%BF%D0%BE%D0%B4%D0%B0%D1%80%D0%BE%D1%87%D0%BD%D1%8B%D0%B9%20%D1%81%D0%B5%D1%80%D1%82%D0%B8%D1%84%D0%B8%D0%BA%D0%B0%D1%82%20%D0%BC%D1%83%D0%B6%D1%87%D0%B8%D0%BD%D0%B5%20%D0%B2%D0%BF%D0%B5%D1%87%D0%B0%D1%82%D0%BB%D0%B5%D0%BD%D0%B8%D1%8F%22
Q0924	выпускной на базе отдыха в подмосковье	13	основной запрос статьи	https://wordstat.yandex.ru/?region=1&words=%22%D0%B2%D1%8B%D0%BF%D1%83%D1%81%D0%BA%D0%BD%D0%BE%D0%B9%20%D0%BD%D0%B0%20%D0%B1%D0%B0%D0%B7%D0%B5%20%D0%BE%D1%82%D0%B4%D1%8B%D1%85%D0%B0%20%D0%B2%20%D0%BF%D0%BE%D0%B4%D0%BC%D0%BE%D1%81%D0%BA%D0%BE%D0%B2%D1%8C%D0%B5%22
Q0207	где отметить день рождения с друзьями	118	основной запрос статьи	https://wordstat.yandex.ru/?region=1&words=%22%D0%B3%D0%B4%D0%B5%20%D0%BE%D1%82%D0%BC%D0%B5%D1%82%D0%B8%D1%82%D1%8C%20%D0%B4%D0%B5%D0%BD%D1%8C%20%D1%80%D0%BE%D0%B6%D0%B4%D0%B5%D0%BD%D0%B8%D1%8F%20%D1%81%20%D0%B4%D1%80%D1%83%D0%B7%D1%8C%D1%8F%D0%BC%D0%B8%22
Q0189	где отметить день рождения зимой	132	основной запрос статьи	https://wordstat.yandex.ru/?region=1&words=%22%D0%B3%D0%B4%D0%B5%20%D0%BE%D1%82%D0%BC%D0%B5%D1%82%D0%B8%D1%82%D1%8C%20%D0%B4%D0%B5%D0%BD%D1%8C%20%D1%80%D0%BE%D0%B6%D0%B4%D0%B5%D0%BD%D0%B8%D1%8F%20%D0%B7%D0%B8%D0%BC%D0%BE%D0%B9%22
Q0881	подарочный сертификат впечатление на выбор	14	основной запрос статьи	https://wordstat.yandex.ru/?region=1&words=%22%D0%BF%D0%BE%D0%B4%D0%B0%D1%80%D0%BE%D1%87%D0%BD%D1%8B%D0%B9%20%D1%81%D0%B5%D1%80%D1%82%D0%B8%D1%84%D0%B8%D0%BA%D0%B0%D1%82%20%D0%B2%D0%BF%D0%B5%D1%87%D0%B0%D1%82%D0%BB%D0%B5%D0%BD%D0%B8%D0%B5%20%D0%BD%D0%B0%20%D0%B2%D1%8B%D0%B1%D0%BE%D1%80%22
Q0572	новогодний корпоратив сотрудников	29	основной запрос статьи	https://wordstat.yandex.ru/?region=1&words=%22%D0%BD%D0%BE%D0%B2%D0%BE%D0%B3%D0%BE%D0%B4%D0%BD%D0%B8%D0%B9%20%D0%BA%D0%BE%D1%80%D0%BF%D0%BE%D1%80%D0%B0%D1%82%D0%B8%D0%B2%20%D1%81%D0%BE%D1%82%D1%80%D1%83%D0%B4%D0%BD%D0%B8%D0%BA%D0%BE%D0%B2%22
Q0069	со скольки лет можно на квадроцикле	483	основной запрос статьи	https://wordstat.yandex.ru/?region=1&words=%22%D1%81%D0%BE%20%D1%81%D0%BA%D0%BE%D0%BB%D1%8C%D0%BA%D0%B8%20%D0%BB%D0%B5%D1%82%20%D0%BC%D0%BE%D0%B6%D0%BD%D0%BE%20%D0%BD%D0%B0%20%D0%BA%D0%B2%D0%B0%D0%B4%D1%80%D0%BE%D1%86%D0%B8%D0%BA%D0%BB%D0%B5%22
Q0322	покататься с ребенком на квадроцикле	72	основной запрос статьи	https://wordstat.yandex.ru/?region=1&words=%22%D0%BF%D0%BE%D0%BA%D0%B0%D1%82%D0%B0%D1%82%D1%8C%D1%81%D1%8F%20%D1%81%20%D1%80%D0%B5%D0%B1%D0%B5%D0%BD%D0%BA%D0%BE%D0%BC%20%D0%BD%D0%B0%20%D0%BA%D0%B2%D0%B0%D0%B4%D1%80%D0%BE%D1%86%D0%B8%D0%BA%D0%BB%D0%B5%22
Q0568	прокат детских квадроциклов	29	основной запрос статьи	https://wordstat.yandex.ru/?region=1&words=%22%D0%BF%D1%80%D0%BE%D0%BA%D0%B0%D1%82%20%D0%B4%D0%B5%D1%82%D1%81%D0%BA%D0%B8%D1%85%20%D0%BA%D0%B2%D0%B0%D0%B4%D1%80%D0%BE%D1%86%D0%B8%D0%BA%D0%BB%D0%BE%D0%B2%22
Q0601	активный отдых с детьми в подмосковье	27	основной запрос статьи	https://wordstat.yandex.ru/?region=1&words=%22%D0%B0%D0%BA%D1%82%D0%B8%D0%B2%D0%BD%D1%8B%D0%B9%20%D0%BE%D1%82%D0%B4%D1%8B%D1%85%20%D1%81%20%D0%B4%D0%B5%D1%82%D1%8C%D0%BC%D0%B8%20%D0%B2%20%D0%BF%D0%BE%D0%B4%D0%BC%D0%BE%D1%81%D0%BA%D0%BE%D0%B2%D1%8C%D0%B5%22
Q0524	ребенок без прав на квадроцикле	33	основной запрос статьи	https://wordstat.yandex.ru/?region=1&words=%22%D1%80%D0%B5%D0%B1%D0%B5%D0%BD%D0%BE%D0%BA%20%D0%B1%D0%B5%D0%B7%20%D0%BF%D1%80%D0%B0%D0%B2%20%D0%BD%D0%B0%20%D0%BA%D0%B2%D0%B0%D0%B4%D1%80%D0%BE%D1%86%D0%B8%D0%BA%D0%BB%D0%B5%22
Q0075	квадроцикл детский 12 лет	414	основной запрос статьи	https://wordstat.yandex.ru/?region=1&words=%22%D0%BA%D0%B2%D0%B0%D0%B4%D1%80%D0%BE%D1%86%D0%B8%D0%BA%D0%BB%20%D0%B4%D0%B5%D1%82%D1%81%D0%BA%D0%B8%D0%B9%2012%20%D0%BB%D0%B5%D1%82%22
Q0016	отдых с детьми в подмосковье	2761	основной запрос статьи	https://wordstat.yandex.ru/?region=1&words=%22%D0%BE%D1%82%D0%B4%D1%8B%D1%85%20%D1%81%20%D0%B4%D0%B5%D1%82%D1%8C%D0%BC%D0%B8%20%D0%B2%20%D0%BF%D0%BE%D0%B4%D0%BC%D0%BE%D1%81%D0%BA%D0%BE%D0%B2%D1%8C%D0%B5%22
Q0820	прокат квадроциклов в подмосковье для детей	15	основной запрос статьи	https://wordstat.yandex.ru/?region=1&words=%22%D0%BF%D1%80%D0%BE%D0%BA%D0%B0%D1%82%20%D0%BA%D0%B2%D0%B0%D0%B4%D1%80%D0%BE%D1%86%D0%B8%D0%BA%D0%BB%D0%BE%D0%B2%20%D0%B2%20%D0%BF%D0%BE%D0%B4%D0%BC%D0%BE%D1%81%D0%BA%D0%BE%D0%B2%D1%8C%D0%B5%20%D0%B4%D0%BB%D1%8F%20%D0%B4%D0%B5%D1%82%D0%B5%D0%B9%22
Q0829	где ребенку можно покататься на квадроцикле	15	основной запрос статьи	https://wordstat.yandex.ru/?region=1&words=%22%D0%B3%D0%B4%D0%B5%20%D1%80%D0%B5%D0%B1%D0%B5%D0%BD%D0%BA%D1%83%20%D0%BC%D0%BE%D0%B6%D0%BD%D0%BE%20%D0%BF%D0%BE%D0%BA%D0%B0%D1%82%D0%B0%D1%82%D1%8C%D1%81%D1%8F%20%D0%BD%D0%B0%20%D0%BA%D0%B2%D0%B0%D0%B4%D1%80%D0%BE%D1%86%D0%B8%D0%BA%D0%BB%D0%B5%22
Q0452	маршруты для квадроциклов в подмосковье	42	основной запрос статьи	https://wordstat.yandex.ru/?region=1&words=%22%D0%BC%D0%B0%D1%80%D1%88%D1%80%D1%83%D1%82%D1%8B%20%D0%B4%D0%BB%D1%8F%20%D0%BA%D0%B2%D0%B0%D0%B4%D1%80%D0%BE%D1%86%D0%B8%D0%BA%D0%BB%D0%BE%D0%B2%20%D0%B2%20%D0%BF%D0%BE%D0%B4%D0%BC%D0%BE%D1%81%D0%BA%D0%BE%D0%B2%D1%8C%D0%B5%22
Q1337	прокат квадроциклов маршруты	4	основной запрос статьи	https://wordstat.yandex.ru/?region=1&words=%22%D0%BF%D1%80%D0%BE%D0%BA%D0%B0%D1%82%20%D0%BA%D0%B2%D0%B0%D0%B4%D1%80%D0%BE%D1%86%D0%B8%D0%BA%D0%BB%D0%BE%D0%B2%20%D0%BC%D0%B0%D1%80%D1%88%D1%80%D1%83%D1%82%D1%8B%22
Q0039	куда поехать на выходные в подмосковье	934	основной запрос статьи	https://wordstat.yandex.ru/?region=1&words=%22%D0%BA%D1%83%D0%B4%D0%B0%20%D0%BF%D0%BE%D0%B5%D1%85%D0%B0%D1%82%D1%8C%20%D0%BD%D0%B0%20%D0%B2%D1%8B%D1%85%D0%BE%D0%B4%D0%BD%D1%8B%D0%B5%20%D0%B2%20%D0%BF%D0%BE%D0%B4%D0%BC%D0%BE%D1%81%D0%BA%D0%BE%D0%B2%D1%8C%D0%B5%22
Q0109	активный отдых в подмосковье	263	основной запрос статьи	https://wordstat.yandex.ru/?region=1&words=%22%D0%B0%D0%BA%D1%82%D0%B8%D0%B2%D0%BD%D1%8B%D0%B9%20%D0%BE%D1%82%D0%B4%D1%8B%D1%85%20%D0%B2%20%D0%BF%D0%BE%D0%B4%D0%BC%D0%BE%D1%81%D0%BA%D0%BE%D0%B2%D1%8C%D0%B5%22
Q0487	базы отдыха подмосковье истра	36	основной запрос статьи	https://wordstat.yandex.ru/?region=1&words=%22%D0%B1%D0%B0%D0%B7%D1%8B%20%D0%BE%D1%82%D0%B4%D1%8B%D1%85%D0%B0%20%D0%BF%D0%BE%D0%B4%D0%BC%D0%BE%D1%81%D0%BA%D0%BE%D0%B2%D1%8C%D0%B5%20%D0%B8%D1%81%D1%82%D1%80%D0%B0%22
Q0612	прокат квадроциклов рядом	26	основной запрос статьи	https://wordstat.yandex.ru/?region=1&words=%22%D0%BF%D1%80%D0%BE%D0%BA%D0%B0%D1%82%20%D0%BA%D0%B2%D0%B0%D0%B4%D1%80%D0%BE%D1%86%D0%B8%D0%BA%D0%BB%D0%BE%D0%B2%20%D1%80%D1%8F%D0%B4%D0%BE%D0%BC%22
Q1298	квадроциклы покататься на ярославском шоссе	5	основной запрос статьи	https://wordstat.yandex.ru/?region=1&words=%22%D0%BA%D0%B2%D0%B0%D0%B4%D1%80%D0%BE%D1%86%D0%B8%D0%BA%D0%BB%D1%8B%20%D0%BF%D0%BE%D0%BA%D0%B0%D1%82%D0%B0%D1%82%D1%8C%D1%81%D1%8F%20%D0%BD%D0%B0%20%D1%8F%D1%80%D0%BE%D1%81%D0%BB%D0%B0%D0%B2%D1%81%D0%BA%D0%BE%D0%BC%20%D1%88%D0%BE%D1%81%D1%81%D0%B5%22
Q0541	база отдыха квадроциклы подмосковье	31	основной запрос статьи	https://wordstat.yandex.ru/?region=1&words=%22%D0%B1%D0%B0%D0%B7%D0%B0%20%D0%BE%D1%82%D0%B4%D1%8B%D1%85%D0%B0%20%D0%BA%D0%B2%D0%B0%D0%B4%D1%80%D0%BE%D1%86%D0%B8%D0%BA%D0%BB%D1%8B%20%D0%BF%D0%BE%D0%B4%D0%BC%D0%BE%D1%81%D0%BA%D0%BE%D0%B2%D1%8C%D0%B5%22
Q0193	где покататься на квадроциклах в москве	129	основной запрос статьи	https://wordstat.yandex.ru/?region=1&words=%22%D0%B3%D0%B4%D0%B5%20%D0%BF%D0%BE%D0%BA%D0%B0%D1%82%D0%B0%D1%82%D1%8C%D1%81%D1%8F%20%D0%BD%D0%B0%20%D0%BA%D0%B2%D0%B0%D0%B4%D1%80%D0%BE%D1%86%D0%B8%D0%BA%D0%BB%D0%B0%D1%85%20%D0%B2%20%D0%BC%D0%BE%D1%81%D0%BA%D0%B2%D0%B5%22
Q0126	база отдыха с баней в подмосковье	216	основной запрос статьи	https://wordstat.yandex.ru/?region=1&words=%22%D0%B1%D0%B0%D0%B7%D0%B0%20%D0%BE%D1%82%D0%B4%D1%8B%D1%85%D0%B0%20%D1%81%20%D0%B1%D0%B0%D0%BD%D0%B5%D0%B9%20%D0%B2%20%D0%BF%D0%BE%D0%B4%D0%BC%D0%BE%D1%81%D0%BA%D0%BE%D0%B2%D1%8C%D0%B5%22
Q0691	куда поехать на выходные в подмосковье погулять	22	основной запрос статьи	https://wordstat.yandex.ru/?region=1&words=%22%D0%BA%D1%83%D0%B4%D0%B0%20%D0%BF%D0%BE%D0%B5%D1%85%D0%B0%D1%82%D1%8C%20%D0%BD%D0%B0%20%D0%B2%D1%8B%D1%85%D0%BE%D0%B4%D0%BD%D1%8B%D0%B5%20%D0%B2%20%D0%BF%D0%BE%D0%B4%D0%BC%D0%BE%D1%81%D0%BA%D0%BE%D0%B2%D1%8C%D0%B5%20%D0%BF%D0%BE%D0%B3%D1%83%D0%BB%D1%8F%D1%82%D1%8C%22
Q0201	тур на квадроциклах в подмосковье	123	основной запрос статьи	https://wordstat.yandex.ru/?region=1&words=%22%D1%82%D1%83%D1%80%20%D0%BD%D0%B0%20%D0%BA%D0%B2%D0%B0%D0%B4%D1%80%D0%BE%D1%86%D0%B8%D0%BA%D0%BB%D0%B0%D1%85%20%D0%B2%20%D0%BF%D0%BE%D0%B4%D0%BC%D0%BE%D1%81%D0%BA%D0%BE%D0%B2%D1%8C%D0%B5%22
Q0585	глэмпинг с квадроциклами подмосковье	28	основной запрос статьи	https://wordstat.yandex.ru/?region=1&words=%22%D0%B3%D0%BB%D1%8D%D0%BC%D0%BF%D0%B8%D0%BD%D0%B3%20%D1%81%20%D0%BA%D0%B2%D0%B0%D0%B4%D1%80%D0%BE%D1%86%D0%B8%D0%BA%D0%BB%D0%B0%D0%BC%D0%B8%20%D0%BF%D0%BE%D0%B4%D0%BC%D0%BE%D1%81%D0%BA%D0%BE%D0%B2%D1%8C%D0%B5%22
Q0459	сколько стоит покататься на квадроциклах	41	основной запрос статьи	https://wordstat.yandex.ru/?region=1&words=%22%D1%81%D0%BA%D0%BE%D0%BB%D1%8C%D0%BA%D0%BE%20%D1%81%D1%82%D0%BE%D0%B8%D1%82%20%D0%BF%D0%BE%D0%BA%D0%B0%D1%82%D0%B0%D1%82%D1%8C%D1%81%D1%8F%20%D0%BD%D0%B0%20%D0%BA%D0%B2%D0%B0%D0%B4%D1%80%D0%BE%D1%86%D0%B8%D0%BA%D0%BB%D0%B0%D1%85%22
Q0540	квадроциклы недорого прокат	31	основной запрос статьи	https://wordstat.yandex.ru/?region=1&words=%22%D0%BA%D0%B2%D0%B0%D0%B4%D1%80%D0%BE%D1%86%D0%B8%D0%BA%D0%BB%D1%8B%20%D0%BD%D0%B5%D0%B4%D0%BE%D1%80%D0%BE%D0%B3%D0%BE%20%D0%BF%D1%80%D0%BE%D0%BA%D0%B0%D1%82%22
Q0717	прокат аренда квадроциклов	20	основной запрос статьи	https://wordstat.yandex.ru/?region=1&words=%22%D0%BF%D1%80%D0%BE%D0%BA%D0%B0%D1%82%20%D0%B0%D1%80%D0%B5%D0%BD%D0%B4%D0%B0%20%D0%BA%D0%B2%D0%B0%D0%B4%D1%80%D0%BE%D1%86%D0%B8%D0%BA%D0%BB%D0%BE%D0%B2%22
Q0682	прокат квадроциклов в подмосковье недорого	22	основной запрос статьи	https://wordstat.yandex.ru/?region=1&words=%22%D0%BF%D1%80%D0%BE%D0%BA%D0%B0%D1%82%20%D0%BA%D0%B2%D0%B0%D0%B4%D1%80%D0%BE%D1%86%D0%B8%D0%BA%D0%BB%D0%BE%D0%B2%20%D0%B2%20%D0%BF%D0%BE%D0%B4%D0%BC%D0%BE%D1%81%D0%BA%D0%BE%D0%B2%D1%8C%D0%B5%20%D0%BD%D0%B5%D0%B4%D0%BE%D1%80%D0%BE%D0%B3%D0%BE%22
Q1173	квадроцикл без проката	7	основной запрос статьи	https://wordstat.yandex.ru/?region=1&words=%22%D0%BA%D0%B2%D0%B0%D0%B4%D1%80%D0%BE%D1%86%D0%B8%D0%BA%D0%BB%20%D0%B1%D0%B5%D0%B7%20%D0%BF%D1%80%D0%BE%D0%BA%D0%B0%D1%82%D0%B0%22
Q0209	сертификат на катание на квадроциклах	115	основной запрос статьи	https://wordstat.yandex.ru/?region=1&words=%22%D1%81%D0%B5%D1%80%D1%82%D0%B8%D1%84%D0%B8%D0%BA%D0%B0%D1%82%20%D0%BD%D0%B0%20%D0%BA%D0%B0%D1%82%D0%B0%D0%BD%D0%B8%D0%B5%20%D0%BD%D0%B0%20%D0%BA%D0%B2%D0%B0%D0%B4%D1%80%D0%BE%D1%86%D0%B8%D0%BA%D0%BB%D0%B0%D1%85%22
Q1249	сертификат на катание на снегоходах	6	основной запрос статьи	https://wordstat.yandex.ru/?region=1&words=%22%D1%81%D0%B5%D1%80%D1%82%D0%B8%D1%84%D0%B8%D0%BA%D0%B0%D1%82%20%D0%BD%D0%B0%20%D0%BA%D0%B0%D1%82%D0%B0%D0%BD%D0%B8%D0%B5%20%D0%BD%D0%B0%20%D1%81%D0%BD%D0%B5%D0%B3%D0%BE%D1%85%D0%BE%D0%B4%D0%B0%D1%85%22
Q1196	подарочный сертификат на впечатления для детей	7	основной запрос статьи	https://wordstat.yandex.ru/?region=1&words=%22%D0%BF%D0%BE%D0%B4%D0%B0%D1%80%D0%BE%D1%87%D0%BD%D1%8B%D0%B9%20%D1%81%D0%B5%D1%80%D1%82%D0%B8%D1%84%D0%B8%D0%BA%D0%B0%D1%82%20%D0%BD%D0%B0%20%D0%B2%D0%BF%D0%B5%D1%87%D0%B0%D1%82%D0%BB%D0%B5%D0%BD%D0%B8%D1%8F%20%D0%B4%D0%BB%D1%8F%20%D0%B4%D0%B5%D1%82%D0%B5%D0%B9%22
Q0142	подарочные сертификаты на впечатления	182	основной запрос статьи	https://wordstat.yandex.ru/?region=1&words=%22%D0%BF%D0%BE%D0%B4%D0%B0%D1%80%D0%BE%D1%87%D0%BD%D1%8B%D0%B5%20%D1%81%D0%B5%D1%80%D1%82%D0%B8%D1%84%D0%B8%D0%BA%D0%B0%D1%82%D1%8B%20%D0%BD%D0%B0%20%D0%B2%D0%BF%D0%B5%D1%87%D0%B0%D1%82%D0%BB%D0%B5%D0%BD%D0%B8%D1%8F%22
Q1143	подарочный сертификат на др впечатления	8	основной запрос статьи	https://wordstat.yandex.ru/?region=1&words=%22%D0%BF%D0%BE%D0%B4%D0%B0%D1%80%D0%BE%D1%87%D0%BD%D1%8B%D0%B9%20%D1%81%D0%B5%D1%80%D1%82%D0%B8%D1%84%D0%B8%D0%BA%D0%B0%D1%82%20%D0%BD%D0%B0%20%D0%B4%D1%80%20%D0%B2%D0%BF%D0%B5%D1%87%D0%B0%D1%82%D0%BB%D0%B5%D0%BD%D0%B8%D1%8F%22
Q0936	хранение квадроцикла зимой	13	основной запрос статьи	https://wordstat.yandex.ru/?region=1&words=%22%D1%85%D1%80%D0%B0%D0%BD%D0%B5%D0%BD%D0%B8%D0%B5%20%D0%BA%D0%B2%D0%B0%D0%B4%D1%80%D0%BE%D1%86%D0%B8%D0%BA%D0%BB%D0%B0%20%D0%B7%D0%B8%D0%BC%D0%BE%D0%B9%22
Q1552	консервация квадроцикла на зиму	1	основной запрос статьи	https://wordstat.yandex.ru/?region=1&words=%22%D0%BA%D0%BE%D0%BD%D1%81%D0%B5%D1%80%D0%B2%D0%B0%D1%86%D0%B8%D1%8F%20%D0%BA%D0%B2%D0%B0%D0%B4%D1%80%D0%BE%D1%86%D0%B8%D0%BA%D0%BB%D0%B0%20%D0%BD%D0%B0%20%D0%B7%D0%B8%D0%BC%D1%83%22
Q0448	хранение снегохода	43	основной запрос статьи	https://wordstat.yandex.ru/?region=1&words=%22%D1%85%D1%80%D0%B0%D0%BD%D0%B5%D0%BD%D0%B8%D0%B5%20%D1%81%D0%BD%D0%B5%D0%B3%D0%BE%D1%85%D0%BE%D0%B4%D0%B0%22
Q1504	как запустить квадроцикл после зимы	2	основной запрос статьи	https://wordstat.yandex.ru/?region=1&words=%22%D0%BA%D0%B0%D0%BA%20%D0%B7%D0%B0%D0%BF%D1%83%D1%81%D1%82%D0%B8%D1%82%D1%8C%20%D0%BA%D0%B2%D0%B0%D0%B4%D1%80%D0%BE%D1%86%D0%B8%D0%BA%D0%BB%20%D0%BF%D0%BE%D1%81%D0%BB%D0%B5%20%D0%B7%D0%B8%D0%BC%D1%8B%22
Q0001	где отметить день рождения	20303	топ по широкой частотности	https://wordstat.yandex.ru/?region=1&words=%22%D0%B3%D0%B4%D0%B5%20%D0%BE%D1%82%D0%BC%D0%B5%D1%82%D0%B8%D1%82%D1%8C%20%D0%B4%D0%B5%D0%BD%D1%8C%20%D1%80%D0%BE%D0%B6%D0%B4%D0%B5%D0%BD%D0%B8%D1%8F%22
Q0002	детский квадроцикл	18853	топ по широкой частотности	https://wordstat.yandex.ru/?region=1&words=%22%D0%B4%D0%B5%D1%82%D1%81%D0%BA%D0%B8%D0%B9%20%D0%BA%D0%B2%D0%B0%D0%B4%D1%80%D0%BE%D1%86%D0%B8%D0%BA%D0%BB%22
Q0003	глэмпинг подмосковье	13264	топ по широкой частотности	https://wordstat.yandex.ru/?region=1&words=%22%D0%B3%D0%BB%D1%8D%D0%BC%D0%BF%D0%B8%D0%BD%D0%B3%20%D0%BF%D0%BE%D0%B4%D0%BC%D0%BE%D1%81%D0%BA%D0%BE%D0%B2%D1%8C%D0%B5%22
Q0004	тимбилдинг	11075	топ по широкой частотности	https://wordstat.yandex.ru/?region=1&words=%22%D1%82%D0%B8%D0%BC%D0%B1%D0%B8%D0%BB%D0%B4%D0%B8%D0%BD%D0%B3%22
Q0005	база отдыха в подмосковье	9116	топ по широкой частотности	https://wordstat.yandex.ru/?region=1&words=%22%D0%B1%D0%B0%D0%B7%D0%B0%20%D0%BE%D1%82%D0%B4%D1%8B%D1%85%D0%B0%20%D0%B2%20%D0%BF%D0%BE%D0%B4%D0%BC%D0%BE%D1%81%D0%BA%D0%BE%D0%B2%D1%8C%D0%B5%22
Q0006	квадроциклы в москве	8671	топ по широкой частотности	https://wordstat.yandex.ru/?region=1&words=%22%D0%BA%D0%B2%D0%B0%D0%B4%D1%80%D0%BE%D1%86%D0%B8%D0%BA%D0%BB%D1%8B%20%D0%B2%20%D0%BC%D0%BE%D1%81%D0%BA%D0%B2%D0%B5%22
Q0007	права на квадроцикл	7696	топ по широкой частотности	https://wordstat.yandex.ru/?region=1&words=%22%D0%BF%D1%80%D0%B0%D0%B2%D0%B0%20%D0%BD%D0%B0%20%D0%BA%D0%B2%D0%B0%D0%B4%D1%80%D0%BE%D1%86%D0%B8%D0%BA%D0%BB%22
Q0008	где отметить день рождения в москве	6268	топ по широкой частотности	https://wordstat.yandex.ru/?region=1&words=%22%D0%B3%D0%B4%D0%B5%20%D0%BE%D1%82%D0%BC%D0%B5%D1%82%D0%B8%D1%82%D1%8C%20%D0%B4%D0%B5%D0%BD%D1%8C%20%D1%80%D0%BE%D0%B6%D0%B4%D0%B5%D0%BD%D0%B8%D1%8F%20%D0%B2%20%D0%BC%D0%BE%D1%81%D0%BA%D0%B2%D0%B5%22
Q0009	новогодний корпоратив	5170	топ по широкой частотности	https://wordstat.yandex.ru/?region=1&words=%22%D0%BD%D0%BE%D0%B2%D0%BE%D0%B3%D0%BE%D0%B4%D0%BD%D0%B8%D0%B9%20%D0%BA%D0%BE%D1%80%D0%BF%D0%BE%D1%80%D0%B0%D1%82%D0%B8%D0%B2%22
Q0010	где можно отметить день рождения	3992	топ по широкой частотности	https://wordstat.yandex.ru/?region=1&words=%22%D0%B3%D0%B4%D0%B5%20%D0%BC%D0%BE%D0%B6%D0%BD%D0%BE%20%D0%BE%D1%82%D0%BC%D0%B5%D1%82%D0%B8%D1%82%D1%8C%20%D0%B4%D0%B5%D0%BD%D1%8C%20%D1%80%D0%BE%D0%B6%D0%B4%D0%B5%D0%BD%D0%B8%D1%8F%22
Q0011	прокат квадроциклов	3696	топ по широкой частотности	https://wordstat.yandex.ru/?region=1&words=%22%D0%BF%D1%80%D0%BE%D0%BA%D0%B0%D1%82%20%D0%BA%D0%B2%D0%B0%D0%B4%D1%80%D0%BE%D1%86%D0%B8%D0%BA%D0%BB%D0%BE%D0%B2%22
Q0012	на квадроцикл нужны права	3570	топ по широкой частотности	https://wordstat.yandex.ru/?region=1&words=%22%D0%BD%D0%B0%20%D0%BA%D0%B2%D0%B0%D0%B4%D1%80%D0%BE%D1%86%D0%B8%D0%BA%D0%BB%20%D0%BD%D1%83%D0%B6%D0%BD%D1%8B%20%D0%BF%D1%80%D0%B0%D0%B2%D0%B0%22
Q0013	квадроциклы подмосковье	3089	топ по широкой частотности	https://wordstat.yandex.ru/?region=1&words=%22%D0%BA%D0%B2%D0%B0%D0%B4%D1%80%D0%BE%D1%86%D0%B8%D0%BA%D0%BB%D1%8B%20%D0%BF%D0%BE%D0%B4%D0%BC%D0%BE%D1%81%D0%BA%D0%BE%D0%B2%D1%8C%D0%B5%22
Q0015	подарок впечатление	2768	топ по широкой частотности	https://wordstat.yandex.ru/?region=1&words=%22%D0%BF%D0%BE%D0%B4%D0%B0%D1%80%D0%BE%D0%BA%20%D0%B2%D0%BF%D0%B5%D1%87%D0%B0%D1%82%D0%BB%D0%B5%D0%BD%D0%B8%D0%B5%22
Q0017	детский квадроцикл лет	2474	топ по широкой частотности	https://wordstat.yandex.ru/?region=1&words=%22%D0%B4%D0%B5%D1%82%D1%81%D0%BA%D0%B8%D0%B9%20%D0%BA%D0%B2%D0%B0%D0%B4%D1%80%D0%BE%D1%86%D0%B8%D0%BA%D0%BB%20%D0%BB%D0%B5%D1%82%22
Q0018	мотовездеход	2430	топ по широкой частотности	https://wordstat.yandex.ru/?region=1&words=%22%D0%BC%D0%BE%D1%82%D0%BE%D0%B2%D0%B5%D0%B7%D0%B4%D0%B5%D1%85%D0%BE%D0%B4%22
Q0019	катание на квадроциклах	2320	топ по широкой частотности	https://wordstat.yandex.ru/?region=1&words=%22%D0%BA%D0%B0%D1%82%D0%B0%D0%BD%D0%B8%D0%B5%20%D0%BD%D0%B0%20%D0%BA%D0%B2%D0%B0%D0%B4%D1%80%D0%BE%D1%86%D0%B8%D0%BA%D0%BB%D0%B0%D1%85%22
Q0020	какие права нужны на квадроцикл	2275	топ по широкой частотности	https://wordstat.yandex.ru/?region=1&words=%22%D0%BA%D0%B0%D0%BA%D0%B8%D0%B5%20%D0%BF%D1%80%D0%B0%D0%B2%D0%B0%20%D0%BD%D1%83%D0%B6%D0%BD%D1%8B%20%D0%BD%D0%B0%20%D0%BA%D0%B2%D0%B0%D0%B4%D1%80%D0%BE%D1%86%D0%B8%D0%BA%D0%BB%22
Q0022	аренда квадроциклов	1808	топ по широкой частотности	https://wordstat.yandex.ru/?region=1&words=%22%D0%B0%D1%80%D0%B5%D0%BD%D0%B4%D0%B0%20%D0%BA%D0%B2%D0%B0%D0%B4%D1%80%D0%BE%D1%86%D0%B8%D0%BA%D0%BB%D0%BE%D0%B2%22
Q0023	командообразование	1751	топ по широкой частотности	https://wordstat.yandex.ru/?region=1&words=%22%D0%BA%D0%BE%D0%BC%D0%B0%D0%BD%D0%B4%D0%BE%D0%BE%D0%B1%D1%80%D0%B0%D0%B7%D0%BE%D0%B2%D0%B0%D0%BD%D0%B8%D0%B5%22
Q0024	квадроциклы москва область	1671	топ по широкой частотности	https://wordstat.yandex.ru/?region=1&words=%22%D0%BA%D0%B2%D0%B0%D0%B4%D1%80%D0%BE%D1%86%D0%B8%D0%BA%D0%BB%D1%8B%20%D0%BC%D0%BE%D1%81%D0%BA%D0%B2%D0%B0%20%D0%BE%D0%B1%D0%BB%D0%B0%D1%81%D1%82%D1%8C%22
Q0026	квадроцикл москва московская область	1452	топ по широкой частотности	https://wordstat.yandex.ru/?region=1&words=%22%D0%BA%D0%B2%D0%B0%D0%B4%D1%80%D0%BE%D1%86%D0%B8%D0%BA%D0%BB%20%D0%BC%D0%BE%D1%81%D0%BA%D0%B2%D0%B0%20%D0%BC%D0%BE%D1%81%D0%BA%D0%BE%D0%B2%D1%81%D0%BA%D0%B0%D1%8F%20%D0%BE%D0%B1%D0%BB%D0%B0%D1%81%D1%82%D1%8C%22
Q0029	категория прав на квадроцикл	1294	топ по широкой частотности	https://wordstat.yandex.ru/?region=1&words=%22%D0%BA%D0%B0%D1%82%D0%B5%D0%B3%D0%BE%D1%80%D0%B8%D1%8F%20%D0%BF%D1%80%D0%B0%D0%B2%20%D0%BD%D0%B0%20%D0%BA%D0%B2%D0%B0%D0%B4%D1%80%D0%BE%D1%86%D0%B8%D0%BA%D0%BB%22
Q0030	тимбилдинг слово	1240	топ по широкой частотности	https://wordstat.yandex.ru/?region=1&words=%22%D1%82%D0%B8%D0%BC%D0%B1%D0%B8%D0%BB%D0%B4%D0%B8%D0%BD%D0%B3%20%D1%81%D0%BB%D0%BE%D0%B2%D0%BE%22
Q0031	отдых с детьми бассейн подмосковье	1238	топ по широкой частотности	https://wordstat.yandex.ru/?region=1&words=%22%D0%BE%D1%82%D0%B4%D1%8B%D1%85%20%D1%81%20%D0%B4%D0%B5%D1%82%D1%8C%D0%BC%D0%B8%20%D0%B1%D0%B0%D1%81%D1%81%D0%B5%D0%B9%D0%BD%20%D0%BF%D0%BE%D0%B4%D0%BC%D0%BE%D1%81%D0%BA%D0%BE%D0%B2%D1%8C%D0%B5%22
Q0032	на квадроцикл можно права права	1189	топ по широкой частотности	https://wordstat.yandex.ru/?region=1&words=%22%D0%BD%D0%B0%20%D0%BA%D0%B2%D0%B0%D0%B4%D1%80%D0%BE%D1%86%D0%B8%D0%BA%D0%BB%20%D0%BC%D0%BE%D0%B6%D0%BD%D0%BE%20%D0%BF%D1%80%D0%B0%D0%B2%D0%B0%20%D0%BF%D1%80%D0%B0%D0%B2%D0%B0%22
Q0033	тимбилдинг это простыми	1183	топ по широкой частотности	https://wordstat.yandex.ru/?region=1&words=%22%D1%82%D0%B8%D0%BC%D0%B1%D0%B8%D0%BB%D0%B4%D0%B8%D0%BD%D0%B3%20%D1%8D%D1%82%D0%BE%20%D0%BF%D1%80%D0%BE%D1%81%D1%82%D1%8B%D0%BC%D0%B8%22
Q0034	где можно отметить день рождение в москве	1085	топ по широкой частотности	https://wordstat.yandex.ru/?region=1&words=%22%D0%B3%D0%B4%D0%B5%20%D0%BC%D0%BE%D0%B6%D0%BD%D0%BE%20%D0%BE%D1%82%D0%BC%D0%B5%D1%82%D0%B8%D1%82%D1%8C%20%D0%B4%D0%B5%D0%BD%D1%8C%20%D1%80%D0%BE%D0%B6%D0%B4%D0%B5%D0%BD%D0%B8%D0%B5%20%D0%B2%20%D0%BC%D0%BE%D1%81%D0%BA%D0%B2%D0%B5%22
Q0040	отдых в подмосковье все включено с детьми	933	топ по широкой частотности	https://wordstat.yandex.ru/?region=1&words=%22%D0%BE%D1%82%D0%B4%D1%8B%D1%85%20%D0%B2%20%D0%BF%D0%BE%D0%B4%D0%BC%D0%BE%D1%81%D0%BA%D0%BE%D0%B2%D1%8C%D0%B5%20%D0%B2%D1%81%D0%B5%20%D0%B2%D0%BA%D0%BB%D1%8E%D1%87%D0%B5%D0%BD%D0%BE%20%D1%81%20%D0%B4%D0%B5%D1%82%D1%8C%D0%BC%D0%B8%22
Q0041	где недорого отметить день рождения	921	топ по широкой частотности	https://wordstat.yandex.ru/?region=1&words=%22%D0%B3%D0%B4%D0%B5%20%D0%BD%D0%B5%D0%B4%D0%BE%D1%80%D0%BE%D0%B3%D0%BE%20%D0%BE%D1%82%D0%BC%D0%B5%D1%82%D0%B8%D1%82%D1%8C%20%D0%B4%D0%B5%D0%BD%D1%8C%20%D1%80%D0%BE%D0%B6%D0%B4%D0%B5%D0%BD%D0%B8%D1%8F%22
Q0042	квадроциклы покататься в подмосковье	883	топ по широкой частотности	https://wordstat.yandex.ru/?region=1&words=%22%D0%BA%D0%B2%D0%B0%D0%B4%D1%80%D0%BE%D1%86%D0%B8%D0%BA%D0%BB%D1%8B%20%D0%BF%D0%BE%D0%BA%D0%B0%D1%82%D0%B0%D1%82%D1%8C%D1%81%D1%8F%20%D0%B2%20%D0%BF%D0%BE%D0%B4%D0%BC%D0%BE%D1%81%D0%BA%D0%BE%D0%B2%D1%8C%D0%B5%22
Q0043	мероприятия для сотрудников	881	топ по широкой частотности	https://wordstat.yandex.ru/?region=1&words=%22%D0%BC%D0%B5%D1%80%D0%BE%D0%BF%D1%80%D0%B8%D1%8F%D1%82%D0%B8%D1%8F%20%D0%B4%D0%BB%D1%8F%20%D1%81%D0%BE%D1%82%D1%80%D1%83%D0%B4%D0%BD%D0%B8%D0%BA%D0%BE%D0%B2%22
Q0044	экстремальные развлечения	819	топ по широкой частотности	https://wordstat.yandex.ru/?region=1&words=%22%D1%8D%D0%BA%D1%81%D1%82%D1%80%D0%B5%D0%BC%D0%B0%D0%BB%D1%8C%D0%BD%D1%8B%D0%B5%20%D1%80%D0%B0%D0%B7%D0%B2%D0%BB%D0%B5%D1%87%D0%B5%D0%BD%D0%B8%D1%8F%22
Q0045	права на квадроцикл какая категория	793	топ по широкой частотности	https://wordstat.yandex.ru/?region=1&words=%22%D0%BF%D1%80%D0%B0%D0%B2%D0%B0%20%D0%BD%D0%B0%20%D0%BA%D0%B2%D0%B0%D0%B4%D1%80%D0%BE%D1%86%D0%B8%D0%BA%D0%BB%20%D0%BA%D0%B0%D0%BA%D0%B0%D1%8F%20%D0%BA%D0%B0%D1%82%D0%B5%D0%B3%D0%BE%D1%80%D0%B8%D1%8F%22
Q0046	где отметить день рождение в москве взрослому	756	топ по широкой частотности	https://wordstat.yandex.ru/?region=1&words=%22%D0%B3%D0%B4%D0%B5%20%D0%BE%D1%82%D0%BC%D0%B5%D1%82%D0%B8%D1%82%D1%8C%20%D0%B4%D0%B5%D0%BD%D1%8C%20%D1%80%D0%BE%D0%B6%D0%B4%D0%B5%D0%BD%D0%B8%D0%B5%20%D0%B2%20%D0%BC%D0%BE%D1%81%D0%BA%D0%B2%D0%B5%20%D0%B2%D0%B7%D1%80%D0%BE%D1%81%D0%BB%D0%BE%D0%BC%D1%83%22
Q0047	база отдыха в подмосковье все включено	729	топ по широкой частотности	https://wordstat.yandex.ru/?region=1&words=%22%D0%B1%D0%B0%D0%B7%D0%B0%20%D0%BE%D1%82%D0%B4%D1%8B%D1%85%D0%B0%20%D0%B2%20%D0%BF%D0%BE%D0%B4%D0%BC%D0%BE%D1%81%D0%BA%D0%BE%D0%B2%D1%8C%D0%B5%20%D0%B2%D1%81%D0%B5%20%D0%B2%D0%BA%D0%BB%D1%8E%D1%87%D0%B5%D0%BD%D0%BE%22
Q0048	поездка на квадроциклах	728	топ по широкой частотности	https://wordstat.yandex.ru/?region=1&words=%22%D0%BF%D0%BE%D0%B5%D0%B7%D0%B4%D0%BA%D0%B0%20%D0%BD%D0%B0%20%D0%BA%D0%B2%D0%B0%D0%B4%D1%80%D0%BE%D1%86%D0%B8%D0%BA%D0%BB%D0%B0%D1%85%22
Q0049	нужны права на квадроцикл в 2026	722	топ по широкой частотности	https://wordstat.yandex.ru/?region=1&words=%22%D0%BD%D1%83%D0%B6%D0%BD%D1%8B%20%D0%BF%D1%80%D0%B0%D0%B2%D0%B0%20%D0%BD%D0%B0%20%D0%BA%D0%B2%D0%B0%D0%B4%D1%80%D0%BE%D1%86%D0%B8%D0%BA%D0%BB%20%D0%B2%202026%22
Q0050	развлечения в подмосковье	711	топ по широкой частотности	https://wordstat.yandex.ru/?region=1&words=%22%D1%80%D0%B0%D0%B7%D0%B2%D0%BB%D0%B5%D1%87%D0%B5%D0%BD%D0%B8%D1%8F%20%D0%B2%20%D0%BF%D0%BE%D0%B4%D0%BC%D0%BE%D1%81%D0%BA%D0%BE%D0%B2%D1%8C%D0%B5%22
Q0051	прогулка на квадроциклах	688	топ по широкой частотности	https://wordstat.yandex.ru/?region=1&words=%22%D0%BF%D1%80%D0%BE%D0%B3%D1%83%D0%BB%D0%BA%D0%B0%20%D0%BD%D0%B0%20%D0%BA%D0%B2%D0%B0%D0%B4%D1%80%D0%BE%D1%86%D0%B8%D0%BA%D0%BB%D0%B0%D1%85%22
Q0052	база отдыха с рыбалкой в подмосковье	659	топ по широкой частотности	https://wordstat.yandex.ru/?region=1&words=%22%D0%B1%D0%B0%D0%B7%D0%B0%20%D0%BE%D1%82%D0%B4%D1%8B%D1%85%D0%B0%20%D1%81%20%D1%80%D1%8B%D0%B1%D0%B0%D0%BB%D0%BA%D0%BE%D0%B9%20%D0%B2%20%D0%BF%D0%BE%D0%B4%D0%BC%D0%BE%D1%81%D0%BA%D0%BE%D0%B2%D1%8C%D0%B5%22
Q0053	база отдыха подмосковье недорого	643	топ по широкой частотности	https://wordstat.yandex.ru/?region=1&words=%22%D0%B1%D0%B0%D0%B7%D0%B0%20%D0%BE%D1%82%D0%B4%D1%8B%D1%85%D0%B0%20%D0%BF%D0%BE%D0%B4%D0%BC%D0%BE%D1%81%D0%BA%D0%BE%D0%B2%D1%8C%D0%B5%20%D0%BD%D0%B5%D0%B4%D0%BE%D1%80%D0%BE%D0%B3%D0%BE%22
Q0055	подарок впечатление москва	636	топ по широкой частотности	https://wordstat.yandex.ru/?region=1&words=%22%D0%BF%D0%BE%D0%B4%D0%B0%D1%80%D0%BE%D0%BA%20%D0%B2%D0%BF%D0%B5%D1%87%D0%B0%D1%82%D0%BB%D0%B5%D0%BD%D0%B8%D0%B5%20%D0%BC%D0%BE%D1%81%D0%BA%D0%B2%D0%B0%22
Q0056	какие права на квадроцикл в 2026	633	топ по широкой частотности	https://wordstat.yandex.ru/?region=1&words=%22%D0%BA%D0%B0%D0%BA%D0%B8%D0%B5%20%D0%BF%D1%80%D0%B0%D0%B2%D0%B0%20%D0%BD%D0%B0%20%D0%BA%D0%B2%D0%B0%D0%B4%D1%80%D0%BE%D1%86%D0%B8%D0%BA%D0%BB%20%D0%B2%202026%22
Q0057	организация корпоративов	596	топ по широкой частотности	https://wordstat.yandex.ru/?region=1&words=%22%D0%BE%D1%80%D0%B3%D0%B0%D0%BD%D0%B8%D0%B7%D0%B0%D1%86%D0%B8%D1%8F%20%D0%BA%D0%BE%D1%80%D0%BF%D0%BE%D1%80%D0%B0%D1%82%D0%B8%D0%B2%D0%BE%D0%B2%22
Q0058	на квадроцикл какие права нужны в 2026	590	топ по широкой частотности	https://wordstat.yandex.ru/?region=1&words=%22%D0%BD%D0%B0%20%D0%BA%D0%B2%D0%B0%D0%B4%D1%80%D0%BE%D1%86%D0%B8%D0%BA%D0%BB%20%D0%BA%D0%B0%D0%BA%D0%B8%D0%B5%20%D0%BF%D1%80%D0%B0%D0%B2%D0%B0%20%D0%BD%D1%83%D0%B6%D0%BD%D1%8B%20%D0%B2%202026%22
Q0059	можно ли права на квадроцикл	576	топ по широкой частотности	https://wordstat.yandex.ru/?region=1&words=%22%D0%BC%D0%BE%D0%B6%D0%BD%D0%BE%20%D0%BB%D0%B8%20%D0%BF%D1%80%D0%B0%D0%B2%D0%B0%20%D0%BD%D0%B0%20%D0%BA%D0%B2%D0%B0%D0%B4%D1%80%D0%BE%D1%86%D0%B8%D0%BA%D0%BB%22
Q0061	где покататься на квадроциклах	558	топ по широкой частотности	https://wordstat.yandex.ru/?region=1&words=%22%D0%B3%D0%B4%D0%B5%20%D0%BF%D0%BE%D0%BA%D0%B0%D1%82%D0%B0%D1%82%D1%8C%D1%81%D1%8F%20%D0%BD%D0%B0%20%D0%BA%D0%B2%D0%B0%D0%B4%D1%80%D0%BE%D1%86%D0%B8%D0%BA%D0%BB%D0%B0%D1%85%22
Q0062	где недорого отметить день рождения в москве	558	топ по широкой частотности	https://wordstat.yandex.ru/?region=1&words=%22%D0%B3%D0%B4%D0%B5%20%D0%BD%D0%B5%D0%B4%D0%BE%D1%80%D0%BE%D0%B3%D0%BE%20%D0%BE%D1%82%D0%BC%D0%B5%D1%82%D0%B8%D1%82%D1%8C%20%D0%B4%D0%B5%D0%BD%D1%8C%20%D1%80%D0%BE%D0%B6%D0%B4%D0%B5%D0%BD%D0%B8%D1%8F%20%D0%B2%20%D0%BC%D0%BE%D1%81%D0%BA%D0%B2%D0%B5%22
Q0063	категория прав нужна на квадроцикл	553	топ по широкой частотности	https://wordstat.yandex.ru/?region=1&words=%22%D0%BA%D0%B0%D1%82%D0%B5%D0%B3%D0%BE%D1%80%D0%B8%D1%8F%20%D0%BF%D1%80%D0%B0%D0%B2%20%D0%BD%D1%83%D0%B6%D0%BD%D0%B0%20%D0%BD%D0%B0%20%D0%BA%D0%B2%D0%B0%D0%B4%D1%80%D0%BE%D1%86%D0%B8%D0%BA%D0%BB%22
Q0065	какая категория прав нужна на квадроцикл	525	топ по широкой частотности	https://wordstat.yandex.ru/?region=1&words=%22%D0%BA%D0%B0%D0%BA%D0%B0%D1%8F%20%D0%BA%D0%B0%D1%82%D0%B5%D0%B3%D0%BE%D1%80%D0%B8%D1%8F%20%D0%BF%D1%80%D0%B0%D0%B2%20%D0%BD%D1%83%D0%B6%D0%BD%D0%B0%20%D0%BD%D0%B0%20%D0%BA%D0%B2%D0%B0%D0%B4%D1%80%D0%BE%D1%86%D0%B8%D0%BA%D0%BB%22
Q0066	квест для компании	517	топ по широкой частотности	https://wordstat.yandex.ru/?region=1&words=%22%D0%BA%D0%B2%D0%B5%D1%81%D1%82%20%D0%B4%D0%BB%D1%8F%20%D0%BA%D0%BE%D0%BC%D0%BF%D0%B0%D0%BD%D0%B8%D0%B8%22
Q0067	новогодний корпоратив в москве	508	топ по широкой частотности	https://wordstat.yandex.ru/?region=1&words=%22%D0%BD%D0%BE%D0%B2%D0%BE%D0%B3%D0%BE%D0%B4%D0%BD%D0%B8%D0%B9%20%D0%BA%D0%BE%D1%80%D0%BF%D0%BE%D1%80%D0%B0%D1%82%D0%B8%D0%B2%20%D0%B2%20%D0%BC%D0%BE%D1%81%D0%BA%D0%B2%D0%B5%22
Q0068	катание на квадроциклах в подмосковье	491	топ по широкой частотности	https://wordstat.yandex.ru/?region=1&words=%22%D0%BA%D0%B0%D1%82%D0%B0%D0%BD%D0%B8%D0%B5%20%D0%BD%D0%B0%20%D0%BA%D0%B2%D0%B0%D0%B4%D1%80%D0%BE%D1%86%D0%B8%D0%BA%D0%BB%D0%B0%D1%85%20%D0%B2%20%D0%BF%D0%BE%D0%B4%D0%BC%D0%BE%D1%81%D0%BA%D0%BE%D0%B2%D1%8C%D0%B5%22
Q0070	покататься на квадроциклах в подмосковье	466	топ по широкой частотности	https://wordstat.yandex.ru/?region=1&words=%22%D0%BF%D0%BE%D0%BA%D0%B0%D1%82%D0%B0%D1%82%D1%8C%D1%81%D1%8F%20%D0%BD%D0%B0%20%D0%BA%D0%B2%D0%B0%D0%B4%D1%80%D0%BE%D1%86%D0%B8%D0%BA%D0%BB%D0%B0%D1%85%20%D0%B2%20%D0%BF%D0%BE%D0%B4%D0%BC%D0%BE%D1%81%D0%BA%D0%BE%D0%B2%D1%8C%D0%B5%22
Q0071	на квадроцикле без прав	450	топ по широкой частотности	https://wordstat.yandex.ru/?region=1&words=%22%D0%BD%D0%B0%20%D0%BA%D0%B2%D0%B0%D0%B4%D1%80%D0%BE%D1%86%D0%B8%D0%BA%D0%BB%D0%B5%20%D0%B1%D0%B5%D0%B7%20%D0%BF%D1%80%D0%B0%D0%B2%22
Q0072	квадроциклы новая москва	436	топ по широкой частотности	https://wordstat.yandex.ru/?region=1&words=%22%D0%BA%D0%B2%D0%B0%D0%B4%D1%80%D0%BE%D1%86%D0%B8%D0%BA%D0%BB%D1%8B%20%D0%BD%D0%BE%D0%B2%D0%B0%D1%8F%20%D0%BC%D0%BE%D1%81%D0%BA%D0%B2%D0%B0%22
Q0073	права на снегоход	423	топ по широкой частотности	https://wordstat.yandex.ru/?region=1&words=%22%D0%BF%D1%80%D0%B0%D0%B2%D0%B0%20%D0%BD%D0%B0%20%D1%81%D0%BD%D0%B5%D0%B3%D0%BE%D1%85%D0%BE%D0%B4%22
Q0074	место где отметить день рождения	414	топ по широкой частотности	https://wordstat.yandex.ru/?region=1&words=%22%D0%BC%D0%B5%D1%81%D1%82%D0%BE%20%D0%B3%D0%B4%D0%B5%20%D0%BE%D1%82%D0%BC%D0%B5%D1%82%D0%B8%D1%82%D1%8C%20%D0%B4%D0%B5%D0%BD%D1%8C%20%D1%80%D0%BE%D0%B6%D0%B4%D0%B5%D0%BD%D0%B8%D1%8F%22
Q0076	багги подмосковье	398	топ по широкой частотности	https://wordstat.yandex.ru/?region=1&words=%22%D0%B1%D0%B0%D0%B3%D0%B3%D0%B8%20%D0%BF%D0%BE%D0%B4%D0%BC%D0%BE%D1%81%D0%BA%D0%BE%D0%B2%D1%8C%D0%B5%22
Q0078	покататься на квадроциклах в москве	392	топ по широкой частотности	https://wordstat.yandex.ru/?region=1&words=%22%D0%BF%D0%BE%D0%BA%D0%B0%D1%82%D0%B0%D1%82%D1%8C%D1%81%D1%8F%20%D0%BD%D0%B0%20%D0%BA%D0%B2%D0%B0%D0%B4%D1%80%D0%BE%D1%86%D0%B8%D0%BA%D0%BB%D0%B0%D1%85%20%D0%B2%20%D0%BC%D0%BE%D1%81%D0%BA%D0%B2%D0%B5%22
Q0079	сценарий корпоратива	390	топ по широкой частотности	https://wordstat.yandex.ru/?region=1&words=%22%D1%81%D1%86%D0%B5%D0%BD%D0%B0%D1%80%D0%B8%D0%B9%20%D0%BA%D0%BE%D1%80%D0%BF%D0%BE%D1%80%D0%B0%D1%82%D0%B8%D0%B2%D0%B0%22
Q0080	квадроцикл детский 7	386	топ по широкой частотности	https://wordstat.yandex.ru/?region=1&words=%22%D0%BA%D0%B2%D0%B0%D0%B4%D1%80%D0%BE%D1%86%D0%B8%D0%BA%D0%BB%20%D0%B4%D0%B5%D1%82%D1%81%D0%BA%D0%B8%D0%B9%207%22
Q0081	подмосковье недорогой отдых с детьми	373	топ по широкой частотности	https://wordstat.yandex.ru/?region=1&words=%22%D0%BF%D0%BE%D0%B4%D0%BC%D0%BE%D1%81%D0%BA%D0%BE%D0%B2%D1%8C%D0%B5%20%D0%BD%D0%B5%D0%B4%D0%BE%D1%80%D0%BE%D0%B3%D0%BE%D0%B9%20%D0%BE%D1%82%D0%B4%D1%8B%D1%85%20%D1%81%20%D0%B4%D0%B5%D1%82%D1%8C%D0%BC%D0%B8%22
Q0082	семейный отдых в подмосковье	368	топ по широкой частотности	https://wordstat.yandex.ru/?region=1&words=%22%D1%81%D0%B5%D0%BC%D0%B5%D0%B9%D0%BD%D1%8B%D0%B9%20%D0%BE%D1%82%D0%B4%D1%8B%D1%85%20%D0%B2%20%D0%BF%D0%BE%D0%B4%D0%BC%D0%BE%D1%81%D0%BA%D0%BE%D0%B2%D1%8C%D0%B5%22
Q0083	где отметить день рождения в москве подростку	366	топ по широкой частотности	https://wordstat.yandex.ru/?region=1&words=%22%D0%B3%D0%B4%D0%B5%20%D0%BE%D1%82%D0%BC%D0%B5%D1%82%D0%B8%D1%82%D1%8C%20%D0%B4%D0%B5%D0%BD%D1%8C%20%D1%80%D0%BE%D0%B6%D0%B4%D0%B5%D0%BD%D0%B8%D1%8F%20%D0%B2%20%D0%BC%D0%BE%D1%81%D0%BA%D0%B2%D0%B5%20%D0%BF%D0%BE%D0%B4%D1%80%D0%BE%D1%81%D1%82%D0%BA%D1%83%22
Q0084	игры на командообразование	345	топ по широкой частотности	https://wordstat.yandex.ru/?region=1&words=%22%D0%B8%D0%B3%D1%80%D1%8B%20%D0%BD%D0%B0%20%D0%BA%D0%BE%D0%BC%D0%B0%D0%BD%D0%B4%D0%BE%D0%BE%D0%B1%D1%80%D0%B0%D0%B7%D0%BE%D0%B2%D0%B0%D0%BD%D0%B8%D0%B5%22
Q0085	подарок впечатление мужчине	343	топ по широкой частотности	https://wordstat.yandex.ru/?region=1&words=%22%D0%BF%D0%BE%D0%B4%D0%B0%D1%80%D0%BE%D0%BA%20%D0%B2%D0%BF%D0%B5%D1%87%D0%B0%D1%82%D0%BB%D0%B5%D0%BD%D0%B8%D0%B5%20%D0%BC%D1%83%D0%B6%D1%87%D0%B8%D0%BD%D0%B5%22
Q0086	права на квадроцикл в 2026 году	335	топ по широкой частотности	https://wordstat.yandex.ru/?region=1&words=%22%D0%BF%D1%80%D0%B0%D0%B2%D0%B0%20%D0%BD%D0%B0%20%D0%BA%D0%B2%D0%B0%D0%B4%D1%80%D0%BE%D1%86%D0%B8%D0%BA%D0%BB%20%D0%B2%202026%20%D0%B3%D0%BE%D0%B4%D1%83%22
Q0087	можно покататься на квадроцикле	331	топ по широкой частотности	https://wordstat.yandex.ru/?region=1&words=%22%D0%BC%D0%BE%D0%B6%D0%BD%D0%BE%20%D0%BF%D0%BE%D0%BA%D0%B0%D1%82%D0%B0%D1%82%D1%8C%D1%81%D1%8F%20%D0%BD%D0%B0%20%D0%BA%D0%B2%D0%B0%D0%B4%D1%80%D0%BE%D1%86%D0%B8%D0%BA%D0%BB%D0%B5%22
Q0088	квадроцикл детский 6	331	топ по широкой частотности	https://wordstat.yandex.ru/?region=1&words=%22%D0%BA%D0%B2%D0%B0%D0%B4%D1%80%D0%BE%D1%86%D0%B8%D0%BA%D0%BB%20%D0%B4%D0%B5%D1%82%D1%81%D0%BA%D0%B8%D0%B9%206%22
Q0090	где можно покататься на квадроциклах	317	топ по широкой частотности	https://wordstat.yandex.ru/?region=1&words=%22%D0%B3%D0%B4%D0%B5%20%D0%BC%D0%BE%D0%B6%D0%BD%D0%BE%20%D0%BF%D0%BE%D0%BA%D0%B0%D1%82%D0%B0%D1%82%D1%8C%D1%81%D1%8F%20%D0%BD%D0%B0%20%D0%BA%D0%B2%D0%B0%D0%B4%D1%80%D0%BE%D1%86%D0%B8%D0%BA%D0%BB%D0%B0%D1%85%22
Q0091	тест драйв квадроциклов	316	топ по широкой частотности	https://wordstat.yandex.ru/?region=1&words=%22%D1%82%D0%B5%D1%81%D1%82%20%D0%B4%D1%80%D0%B0%D0%B9%D0%B2%20%D0%BA%D0%B2%D0%B0%D0%B4%D1%80%D0%BE%D1%86%D0%B8%D0%BA%D0%BB%D0%BE%D0%B2%22
Q0092	квадроцикл детский 14	312	топ по широкой частотности	https://wordstat.yandex.ru/?region=1&words=%22%D0%BA%D0%B2%D0%B0%D0%B4%D1%80%D0%BE%D1%86%D0%B8%D0%BA%D0%BB%20%D0%B4%D0%B5%D1%82%D1%81%D0%BA%D0%B8%D0%B9%2014%22
Q0093	детский квадроцикл от 7 лет	308	топ по широкой частотности	https://wordstat.yandex.ru/?region=1&words=%22%D0%B4%D0%B5%D1%82%D1%81%D0%BA%D0%B8%D0%B9%20%D0%BA%D0%B2%D0%B0%D0%B4%D1%80%D0%BE%D1%86%D0%B8%D0%BA%D0%BB%20%D0%BE%D1%82%207%20%D0%BB%D0%B5%D1%82%22
Q0094	прокат багги	301	топ по широкой частотности	https://wordstat.yandex.ru/?region=1&words=%22%D0%BF%D1%80%D0%BE%D0%BA%D0%B0%D1%82%20%D0%B1%D0%B0%D0%B3%D0%B3%D0%B8%22
Q0095	корпоратив подмосковье	298	топ по широкой частотности	https://wordstat.yandex.ru/?region=1&words=%22%D0%BA%D0%BE%D1%80%D0%BF%D0%BE%D1%80%D0%B0%D1%82%D0%B8%D0%B2%20%D0%BF%D0%BE%D0%B4%D0%BC%D0%BE%D1%81%D0%BA%D0%BE%D0%B2%D1%8C%D0%B5%22
Q0096	квадроциклы истра	296	топ по широкой частотности	https://wordstat.yandex.ru/?region=1&words=%22%D0%BA%D0%B2%D0%B0%D0%B4%D1%80%D0%BE%D1%86%D0%B8%D0%BA%D0%BB%D1%8B%20%D0%B8%D1%81%D1%82%D1%80%D0%B0%22
Q0097	прокат квадроциклов в подмосковье	295	топ по широкой частотности	https://wordstat.yandex.ru/?region=1&words=%22%D0%BF%D1%80%D0%BE%D0%BA%D0%B0%D1%82%20%D0%BA%D0%B2%D0%B0%D0%B4%D1%80%D0%BE%D1%86%D0%B8%D0%BA%D0%BB%D0%BE%D0%B2%20%D0%B2%20%D0%BF%D0%BE%D0%B4%D0%BC%D0%BE%D1%81%D0%BA%D0%BE%D0%B2%D1%8C%D0%B5%22
Q0098	новогодние корпоративы 2027	295	топ по широкой частотности	https://wordstat.yandex.ru/?region=1&words=%22%D0%BD%D0%BE%D0%B2%D0%BE%D0%B3%D0%BE%D0%B4%D0%BD%D0%B8%D0%B5%20%D0%BA%D0%BE%D1%80%D0%BF%D0%BE%D1%80%D0%B0%D1%82%D0%B8%D0%B2%D1%8B%202027%22
Q0099	права на квадроцикл россия	294	топ по широкой частотности	https://wordstat.yandex.ru/?region=1&words=%22%D0%BF%D1%80%D0%B0%D0%B2%D0%B0%20%D0%BD%D0%B0%20%D0%BA%D0%B2%D0%B0%D0%B4%D1%80%D0%BE%D1%86%D0%B8%D0%BA%D0%BB%20%D1%80%D0%BE%D1%81%D1%81%D0%B8%D1%8F%22
Q0100	где можно недорого отметить день рождения	290	топ по широкой частотности	https://wordstat.yandex.ru/?region=1&words=%22%D0%B3%D0%B4%D0%B5%20%D0%BC%D0%BE%D0%B6%D0%BD%D0%BE%20%D0%BD%D0%B5%D0%B4%D0%BE%D1%80%D0%BE%D0%B3%D0%BE%20%D0%BE%D1%82%D0%BC%D0%B5%D1%82%D0%B8%D1%82%D1%8C%20%D0%B4%D0%B5%D0%BD%D1%8C%20%D1%80%D0%BE%D0%B6%D0%B4%D0%B5%D0%BD%D0%B8%D1%8F%22
Q0101	детские квадроциклы в москве	290	топ по широкой частотности	https://wordstat.yandex.ru/?region=1&words=%22%D0%B4%D0%B5%D1%82%D1%81%D0%BA%D0%B8%D0%B5%20%D0%BA%D0%B2%D0%B0%D0%B4%D1%80%D0%BE%D1%86%D0%B8%D0%BA%D0%BB%D1%8B%20%D0%B2%20%D0%BC%D0%BE%D1%81%D0%BA%D0%B2%D0%B5%22
Q0102	зимние развлечения	284	топ по широкой частотности	https://wordstat.yandex.ru/?region=1&words=%22%D0%B7%D0%B8%D0%BC%D0%BD%D0%B8%D0%B5%20%D1%80%D0%B0%D0%B7%D0%B2%D0%BB%D0%B5%D1%87%D0%B5%D0%BD%D0%B8%D1%8F%22
Q0103	новогодний корпоратив 2026	283	топ по широкой частотности	https://wordstat.yandex.ru/?region=1&words=%22%D0%BD%D0%BE%D0%B2%D0%BE%D0%B3%D0%BE%D0%B4%D0%BD%D0%B8%D0%B9%20%D0%BA%D0%BE%D1%80%D0%BF%D0%BE%D1%80%D0%B0%D1%82%D0%B8%D0%B2%202026%22
Q0104	тимбилдинг в москве	281	топ по широкой частотности	https://wordstat.yandex.ru/?region=1&words=%22%D1%82%D0%B8%D0%BC%D0%B1%D0%B8%D0%BB%D0%B4%D0%B8%D0%BD%D0%B3%20%D0%B2%20%D0%BC%D0%BE%D1%81%D0%BA%D0%B2%D0%B5%22
Q0107	места где можно отметить день рождения	277	топ по широкой частотности	https://wordstat.yandex.ru/?region=1&words=%22%D0%BC%D0%B5%D1%81%D1%82%D0%B0%20%D0%B3%D0%B4%D0%B5%20%D0%BC%D0%BE%D0%B6%D0%BD%D0%BE%20%D0%BE%D1%82%D0%BC%D0%B5%D1%82%D0%B8%D1%82%D1%8C%20%D0%B4%D0%B5%D0%BD%D1%8C%20%D1%80%D0%BE%D0%B6%D0%B4%D0%B5%D0%BD%D0%B8%D1%8F%22
Q0108	лучшие глэмпинги подмосковья	269	топ по широкой частотности	https://wordstat.yandex.ru/?region=1&words=%22%D0%BB%D1%83%D1%87%D1%88%D0%B8%D0%B5%20%D0%B3%D0%BB%D1%8D%D0%BC%D0%BF%D0%B8%D0%BD%D0%B3%D0%B8%20%D0%BF%D0%BE%D0%B4%D0%BC%D0%BE%D1%81%D0%BA%D0%BE%D0%B2%D1%8C%D1%8F%22
Q0110	категория прав на квадроцикл в 2026	259	топ по широкой частотности	https://wordstat.yandex.ru/?region=1&words=%22%D0%BA%D0%B0%D1%82%D0%B5%D0%B3%D0%BE%D1%80%D0%B8%D1%8F%20%D0%BF%D1%80%D0%B0%D0%B2%20%D0%BD%D0%B0%20%D0%BA%D0%B2%D0%B0%D0%B4%D1%80%D0%BE%D1%86%D0%B8%D0%BA%D0%BB%20%D0%B2%202026%22
Q0112	со скольки лет можно ездить на квадроцикле	254	топ по широкой частотности	https://wordstat.yandex.ru/?region=1&words=%22%D1%81%D0%BE%20%D1%81%D0%BA%D0%BE%D0%BB%D1%8C%D0%BA%D0%B8%20%D0%BB%D0%B5%D1%82%20%D0%BC%D0%BE%D0%B6%D0%BD%D0%BE%20%D0%B5%D0%B7%D0%B4%D0%B8%D1%82%D1%8C%20%D0%BD%D0%B0%20%D0%BA%D0%B2%D0%B0%D0%B4%D1%80%D0%BE%D1%86%D0%B8%D0%BA%D0%BB%D0%B5%22
Q0113	где отметить день рождения компанией	251	топ по широкой частотности	https://wordstat.yandex.ru/?region=1&words=%22%D0%B3%D0%B4%D0%B5%20%D0%BE%D1%82%D0%BC%D0%B5%D1%82%D0%B8%D1%82%D1%8C%20%D0%B4%D0%B5%D0%BD%D1%8C%20%D1%80%D0%BE%D0%B6%D0%B4%D0%B5%D0%BD%D0%B8%D1%8F%20%D0%BA%D0%BE%D0%BC%D0%BF%D0%B0%D0%BD%D0%B8%D0%B5%D0%B9%22
Q0114	лучший отдых с детьми подмосковье	244	топ по широкой частотности	https://wordstat.yandex.ru/?region=1&words=%22%D0%BB%D1%83%D1%87%D1%88%D0%B8%D0%B9%20%D0%BE%D1%82%D0%B4%D1%8B%D1%85%20%D1%81%20%D0%B4%D0%B5%D1%82%D1%8C%D0%BC%D0%B8%20%D0%BF%D0%BE%D0%B4%D0%BC%D0%BE%D1%81%D0%BA%D0%BE%D0%B2%D1%8C%D0%B5%22
Q0115	где отметить день рождения в балашихе	236	топ по широкой частотности	https://wordstat.yandex.ru/?region=1&words=%22%D0%B3%D0%B4%D0%B5%20%D0%BE%D1%82%D0%BC%D0%B5%D1%82%D0%B8%D1%82%D1%8C%20%D0%B4%D0%B5%D0%BD%D1%8C%20%D1%80%D0%BE%D0%B6%D0%B4%D0%B5%D0%BD%D0%B8%D1%8F%20%D0%B2%20%D0%B1%D0%B0%D0%BB%D0%B0%D1%88%D0%B8%D1%85%D0%B5%22
Q0116	прокат квадроциклов область	235	топ по широкой частотности	https://wordstat.yandex.ru/?region=1&words=%22%D0%BF%D1%80%D0%BE%D0%BA%D0%B0%D1%82%20%D0%BA%D0%B2%D0%B0%D0%B4%D1%80%D0%BE%D1%86%D0%B8%D0%BA%D0%BB%D0%BE%D0%B2%20%D0%BE%D0%B1%D0%BB%D0%B0%D1%81%D1%82%D1%8C%22
Q0117	на квадроцикл нужны права в россии	231	топ по широкой частотности	https://wordstat.yandex.ru/?region=1&words=%22%D0%BD%D0%B0%20%D0%BA%D0%B2%D0%B0%D0%B4%D1%80%D0%BE%D1%86%D0%B8%D0%BA%D0%BB%20%D0%BD%D1%83%D0%B6%D0%BD%D1%8B%20%D0%BF%D1%80%D0%B0%D0%B2%D0%B0%20%D0%B2%20%D1%80%D0%BE%D1%81%D1%81%D0%B8%D0%B8%22
Q0119	права на квадроцикл со скольки	228	топ по широкой частотности	https://wordstat.yandex.ru/?region=1&words=%22%D0%BF%D1%80%D0%B0%D0%B2%D0%B0%20%D0%BD%D0%B0%20%D0%BA%D0%B2%D0%B0%D0%B4%D1%80%D0%BE%D1%86%D0%B8%D0%BA%D0%BB%20%D1%81%D0%BE%20%D1%81%D0%BA%D0%BE%D0%BB%D1%8C%D0%BA%D0%B8%22
Q0120	прокат квадроциклов в москве	226	топ по широкой частотности	https://wordstat.yandex.ru/?region=1&words=%22%D0%BF%D1%80%D0%BE%D0%BA%D0%B0%D1%82%20%D0%BA%D0%B2%D0%B0%D0%B4%D1%80%D0%BE%D1%86%D0%B8%D0%BA%D0%BB%D0%BE%D0%B2%20%D0%B2%20%D0%BC%D0%BE%D1%81%D0%BA%D0%B2%D0%B5%22
Q0121	новогодний корпоратив где	226	топ по широкой частотности	https://wordstat.yandex.ru/?region=1&words=%22%D0%BD%D0%BE%D0%B2%D0%BE%D0%B3%D0%BE%D0%B4%D0%BD%D0%B8%D0%B9%20%D0%BA%D0%BE%D1%80%D0%BF%D0%BE%D1%80%D0%B0%D1%82%D0%B8%D0%B2%20%D0%B3%D0%B4%D0%B5%22
Q0122	где интересно отметить день рождения	224	топ по широкой частотности	https://wordstat.yandex.ru/?region=1&words=%22%D0%B3%D0%B4%D0%B5%20%D0%B8%D0%BD%D1%82%D0%B5%D1%80%D0%B5%D1%81%D0%BD%D0%BE%20%D0%BE%D1%82%D0%BC%D0%B5%D1%82%D0%B8%D1%82%D1%8C%20%D0%B4%D0%B5%D0%BD%D1%8C%20%D1%80%D0%BE%D0%B6%D0%B4%D0%B5%D0%BD%D0%B8%D1%8F%22
Q0123	на квадроцикл нужны права какой категории 2026	220	топ по широкой частотности	https://wordstat.yandex.ru/?region=1&words=%22%D0%BD%D0%B0%20%D0%BA%D0%B2%D0%B0%D0%B4%D1%80%D0%BE%D1%86%D0%B8%D0%BA%D0%BB%20%D0%BD%D1%83%D0%B6%D0%BD%D1%8B%20%D0%BF%D1%80%D0%B0%D0%B2%D0%B0%20%D0%BA%D0%B0%D0%BA%D0%BE%D0%B9%20%D0%BA%D0%B0%D1%82%D0%B5%D0%B3%D0%BE%D1%80%D0%B8%D0%B8%202026%22
Q0124	где отметить день рождения 18 лет	217	топ по широкой частотности	https://wordstat.yandex.ru/?region=1&words=%22%D0%B3%D0%B4%D0%B5%20%D0%BE%D1%82%D0%BC%D0%B5%D1%82%D0%B8%D1%82%D1%8C%20%D0%B4%D0%B5%D0%BD%D1%8C%20%D1%80%D0%BE%D0%B6%D0%B4%D0%B5%D0%BD%D0%B8%D1%8F%2018%20%D0%BB%D0%B5%D1%82%22
Q0127	москва квест для компании	216	топ по широкой частотности	https://wordstat.yandex.ru/?region=1&words=%22%D0%BC%D0%BE%D1%81%D0%BA%D0%B2%D0%B0%20%D0%BA%D0%B2%D0%B5%D1%81%D1%82%20%D0%B4%D0%BB%D1%8F%20%D0%BA%D0%BE%D0%BC%D0%BF%D0%B0%D0%BD%D0%B8%D0%B8%22
Q0128	какая категория прав на квадроцикл в 2026	215	топ по широкой частотности	https://wordstat.yandex.ru/?region=1&words=%22%D0%BA%D0%B0%D0%BA%D0%B0%D1%8F%20%D0%BA%D0%B0%D1%82%D0%B5%D0%B3%D0%BE%D1%80%D0%B8%D1%8F%20%D0%BF%D1%80%D0%B0%D0%B2%20%D0%BD%D0%B0%20%D0%BA%D0%B2%D0%B0%D0%B4%D1%80%D0%BE%D1%86%D0%B8%D0%BA%D0%BB%20%D0%B2%202026%22
Q0129	покататься на багги	209	топ по широкой частотности	https://wordstat.yandex.ru/?region=1&words=%22%D0%BF%D0%BE%D0%BA%D0%B0%D1%82%D0%B0%D1%82%D1%8C%D1%81%D1%8F%20%D0%BD%D0%B0%20%D0%B1%D0%B0%D0%B3%D0%B3%D0%B8%22
Q0131	на снегоход нужны права	205	топ по широкой частотности	https://wordstat.yandex.ru/?region=1&words=%22%D0%BD%D0%B0%20%D1%81%D0%BD%D0%B5%D0%B3%D0%BE%D1%85%D0%BE%D0%B4%20%D0%BD%D1%83%D0%B6%D0%BD%D1%8B%20%D0%BF%D1%80%D0%B0%D0%B2%D0%B0%22
Q0132	детский квадроцикл от 5 лет	204	топ по широкой частотности	https://wordstat.yandex.ru/?region=1&words=%22%D0%B4%D0%B5%D1%82%D1%81%D0%BA%D0%B8%D0%B9%20%D0%BA%D0%B2%D0%B0%D0%B4%D1%80%D0%BE%D1%86%D0%B8%D0%BA%D0%BB%20%D0%BE%D1%82%205%20%D0%BB%D0%B5%D1%82%22
Q0133	где отметить день рождения недорого взрослому	203	топ по широкой частотности	https://wordstat.yandex.ru/?region=1&words=%22%D0%B3%D0%B4%D0%B5%20%D0%BE%D1%82%D0%BC%D0%B5%D1%82%D0%B8%D1%82%D1%8C%20%D0%B4%D0%B5%D0%BD%D1%8C%20%D1%80%D0%BE%D0%B6%D0%B4%D0%B5%D0%BD%D0%B8%D1%8F%20%D0%BD%D0%B5%D0%B4%D0%BE%D1%80%D0%BE%D0%B3%D0%BE%20%D0%B2%D0%B7%D1%80%D0%BE%D1%81%D0%BB%D0%BE%D0%BC%D1%83%22
Q0134	куда сходить с коллегами	203	топ по широкой частотности	https://wordstat.yandex.ru/?region=1&words=%22%D0%BA%D1%83%D0%B4%D0%B0%20%D1%81%D1%85%D0%BE%D0%B4%D0%B8%D1%82%D1%8C%20%D1%81%20%D0%BA%D0%BE%D0%BB%D0%BB%D0%B5%D0%B3%D0%B0%D0%BC%D0%B8%22
Q0135	катание на квадроциклах в москве	199	топ по широкой частотности	https://wordstat.yandex.ru/?region=1&words=%22%D0%BA%D0%B0%D1%82%D0%B0%D0%BD%D0%B8%D0%B5%20%D0%BD%D0%B0%20%D0%BA%D0%B2%D0%B0%D0%B4%D1%80%D0%BE%D1%86%D0%B8%D0%BA%D0%BB%D0%B0%D1%85%20%D0%B2%20%D0%BC%D0%BE%D1%81%D0%BA%D0%B2%D0%B5%22
Q0136	база отдыха москва и подмосковье	197	топ по широкой частотности	https://wordstat.yandex.ru/?region=1&words=%22%D0%B1%D0%B0%D0%B7%D0%B0%20%D0%BE%D1%82%D0%B4%D1%8B%D1%85%D0%B0%20%D0%BC%D0%BE%D1%81%D0%BA%D0%B2%D0%B0%20%D0%B8%20%D0%BF%D0%BE%D0%B4%D0%BC%D0%BE%D1%81%D0%BA%D0%BE%D0%B2%D1%8C%D0%B5%22
Q0138	где будете отмечать день рождения	191	топ по широкой частотности	https://wordstat.yandex.ru/?region=1&words=%22%D0%B3%D0%B4%D0%B5%20%D0%B1%D1%83%D0%B4%D0%B5%D1%82%D0%B5%20%D0%BE%D1%82%D0%BC%D0%B5%D1%87%D0%B0%D1%82%D1%8C%20%D0%B4%D0%B5%D0%BD%D1%8C%20%D1%80%D0%BE%D0%B6%D0%B4%D0%B5%D0%BD%D0%B8%D1%8F%22
Q0139	где отметить день рождения в подольске	190	топ по широкой частотности	https://wordstat.yandex.ru/?region=1&words=%22%D0%B3%D0%B4%D0%B5%20%D0%BE%D1%82%D0%BC%D0%B5%D1%82%D0%B8%D1%82%D1%8C%20%D0%B4%D0%B5%D0%BD%D1%8C%20%D1%80%D0%BE%D0%B6%D0%B4%D0%B5%D0%BD%D0%B8%D1%8F%20%D0%B2%20%D0%BF%D0%BE%D0%B4%D0%BE%D0%BB%D1%8C%D1%81%D0%BA%D0%B5%22
Q0140	корпоративный отдых	190	топ по широкой частотности	https://wordstat.yandex.ru/?region=1&words=%22%D0%BA%D0%BE%D1%80%D0%BF%D0%BE%D1%80%D0%B0%D1%82%D0%B8%D0%B2%D0%BD%D1%8B%D0%B9%20%D0%BE%D1%82%D0%B4%D1%8B%D1%85%22
Q0141	где можно отметить день рождения подростку	182	топ по широкой частотности	https://wordstat.yandex.ru/?region=1&words=%22%D0%B3%D0%B4%D0%B5%20%D0%BC%D0%BE%D0%B6%D0%BD%D0%BE%20%D0%BE%D1%82%D0%BC%D0%B5%D1%82%D0%B8%D1%82%D1%8C%20%D0%B4%D0%B5%D0%BD%D1%8C%20%D1%80%D0%BE%D0%B6%D0%B4%D0%B5%D0%BD%D0%B8%D1%8F%20%D0%BF%D0%BE%D0%B4%D1%80%D0%BE%D1%81%D1%82%D0%BA%D1%83%22
Q0143	развлечения для детей в подмосковье	182	топ по широкой частотности	https://wordstat.yandex.ru/?region=1&words=%22%D1%80%D0%B0%D0%B7%D0%B2%D0%BB%D0%B5%D1%87%D0%B5%D0%BD%D0%B8%D1%8F%20%D0%B4%D0%BB%D1%8F%20%D0%B4%D0%B5%D1%82%D0%B5%D0%B9%20%D0%B2%20%D0%BF%D0%BE%D0%B4%D0%BC%D0%BE%D1%81%D0%BA%D0%BE%D0%B2%D1%8C%D0%B5%22
Q0144	где квадроциклы подмосковье	181	топ по широкой частотности	https://wordstat.yandex.ru/?region=1&words=%22%D0%B3%D0%B4%D0%B5%20%D0%BA%D0%B2%D0%B0%D0%B4%D1%80%D0%BE%D1%86%D0%B8%D0%BA%D0%BB%D1%8B%20%D0%BF%D0%BE%D0%B4%D0%BC%D0%BE%D1%81%D0%BA%D0%BE%D0%B2%D1%8C%D0%B5%22
Q0145	прогулка на квадроциклах в подмосковье	180	топ по широкой частотности	https://wordstat.yandex.ru/?region=1&words=%22%D0%BF%D1%80%D0%BE%D0%B3%D1%83%D0%BB%D0%BA%D0%B0%20%D0%BD%D0%B0%20%D0%BA%D0%B2%D0%B0%D0%B4%D1%80%D0%BE%D1%86%D0%B8%D0%BA%D0%BB%D0%B0%D1%85%20%D0%B2%20%D0%BF%D0%BE%D0%B4%D0%BC%D0%BE%D1%81%D0%BA%D0%BE%D0%B2%D1%8C%D0%B5%22
Q0146	где лучше отметить день рождения	176	топ по широкой частотности	https://wordstat.yandex.ru/?region=1&words=%22%D0%B3%D0%B4%D0%B5%20%D0%BB%D1%83%D1%87%D1%88%D0%B5%20%D0%BE%D1%82%D0%BC%D0%B5%D1%82%D0%B8%D1%82%D1%8C%20%D0%B4%D0%B5%D0%BD%D1%8C%20%D1%80%D0%BE%D0%B6%D0%B4%D0%B5%D0%BD%D0%B8%D1%8F%22
Q0147	база отдыха с детьми в подмосковье	173	топ по широкой частотности	https://wordstat.yandex.ru/?region=1&words=%22%D0%B1%D0%B0%D0%B7%D0%B0%20%D0%BE%D1%82%D0%B4%D1%8B%D1%85%D0%B0%20%D1%81%20%D0%B4%D0%B5%D1%82%D1%8C%D0%BC%D0%B8%20%D0%B2%20%D0%BF%D0%BE%D0%B4%D0%BC%D0%BE%D1%81%D0%BA%D0%BE%D0%B2%D1%8C%D0%B5%22
Q0149	где необычно отметить день рождения в москве	172	топ по широкой частотности	https://wordstat.yandex.ru/?region=1&words=%22%D0%B3%D0%B4%D0%B5%20%D0%BD%D0%B5%D0%BE%D0%B1%D1%8B%D1%87%D0%BD%D0%BE%20%D0%BE%D1%82%D0%BC%D0%B5%D1%82%D0%B8%D1%82%D1%8C%20%D0%B4%D0%B5%D0%BD%D1%8C%20%D1%80%D0%BE%D0%B6%D0%B4%D0%B5%D0%BD%D0%B8%D1%8F%20%D0%B2%20%D0%BC%D0%BE%D1%81%D0%BA%D0%B2%D0%B5%22
Q0150	прокат квадроциклов московской	171	топ по широкой частотности	https://wordstat.yandex.ru/?region=1&words=%22%D0%BF%D1%80%D0%BE%D0%BA%D0%B0%D1%82%20%D0%BA%D0%B2%D0%B0%D0%B4%D1%80%D0%BE%D1%86%D0%B8%D0%BA%D0%BB%D0%BE%D0%B2%20%D0%BC%D0%BE%D1%81%D0%BA%D0%BE%D0%B2%D1%81%D0%BA%D0%BE%D0%B9%22
Q0151	рестораны для новогоднего корпоратива	170	топ по широкой частотности	https://wordstat.yandex.ru/?region=1&words=%22%D1%80%D0%B5%D1%81%D1%82%D0%BE%D1%80%D0%B0%D0%BD%D1%8B%20%D0%B4%D0%BB%D1%8F%20%D0%BD%D0%BE%D0%B2%D0%BE%D0%B3%D0%BE%D0%B4%D0%BD%D0%B5%D0%B3%D0%BE%20%D0%BA%D0%BE%D1%80%D0%BF%D0%BE%D1%80%D0%B0%D1%82%D0%B8%D0%B2%D0%B0%22
Q0152	где бюджетно отметить день рождения	170	топ по широкой частотности	https://wordstat.yandex.ru/?region=1&words=%22%D0%B3%D0%B4%D0%B5%20%D0%B1%D1%8E%D0%B4%D0%B6%D0%B5%D1%82%D0%BD%D0%BE%20%D0%BE%D1%82%D0%BC%D0%B5%D1%82%D0%B8%D1%82%D1%8C%20%D0%B4%D0%B5%D0%BD%D1%8C%20%D1%80%D0%BE%D0%B6%D0%B4%D0%B5%D0%BD%D0%B8%D1%8F%22
Q0153	игры для тимбилдинга	169	топ по широкой частотности	https://wordstat.yandex.ru/?region=1&words=%22%D0%B8%D0%B3%D1%80%D1%8B%20%D0%B4%D0%BB%D1%8F%20%D1%82%D0%B8%D0%BC%D0%B1%D0%B8%D0%BB%D0%B4%D0%B8%D0%BD%D0%B3%D0%B0%22
Q0154	можно ли на квадроцикле без прав	169	топ по широкой частотности	https://wordstat.yandex.ru/?region=1&words=%22%D0%BC%D0%BE%D0%B6%D0%BD%D0%BE%20%D0%BB%D0%B8%20%D0%BD%D0%B0%20%D0%BA%D0%B2%D0%B0%D0%B4%D1%80%D0%BE%D1%86%D0%B8%D0%BA%D0%BB%D0%B5%20%D0%B1%D0%B5%D0%B7%20%D0%BF%D1%80%D0%B0%D0%B2%22
Q0155	где отметить день рождения в подмосковье	168	топ по широкой частотности	https://wordstat.yandex.ru/?region=1&words=%22%D0%B3%D0%B4%D0%B5%20%D0%BE%D1%82%D0%BC%D0%B5%D1%82%D0%B8%D1%82%D1%8C%20%D0%B4%D0%B5%D0%BD%D1%8C%20%D1%80%D0%BE%D0%B6%D0%B4%D0%B5%D0%BD%D0%B8%D1%8F%20%D0%B2%20%D0%BF%D0%BE%D0%B4%D0%BC%D0%BE%D1%81%D0%BA%D0%BE%D0%B2%D1%8C%D0%B5%22
Q0156	глэмпинг подмосковье рядом	168	топ по широкой частотности	https://wordstat.yandex.ru/?region=1&words=%22%D0%B3%D0%BB%D1%8D%D0%BC%D0%BF%D0%B8%D0%BD%D0%B3%20%D0%BF%D0%BE%D0%B4%D0%BC%D0%BE%D1%81%D0%BA%D0%BE%D0%B2%D1%8C%D0%B5%20%D1%80%D1%8F%D0%B4%D0%BE%D0%BC%22
Q0158	квест для большой компании	165	топ по широкой частотности	https://wordstat.yandex.ru/?region=1&words=%22%D0%BA%D0%B2%D0%B5%D1%81%D1%82%20%D0%B4%D0%BB%D1%8F%20%D0%B1%D0%BE%D0%BB%D1%8C%D1%88%D0%BE%D0%B9%20%D0%BA%D0%BE%D0%BC%D0%BF%D0%B0%D0%BD%D0%B8%D0%B8%22
Q0159	прокат квадроциклов московская область	163	топ по широкой частотности	https://wordstat.yandex.ru/?region=1&words=%22%D0%BF%D1%80%D0%BE%D0%BA%D0%B0%D1%82%20%D0%BA%D0%B2%D0%B0%D0%B4%D1%80%D0%BE%D1%86%D0%B8%D0%BA%D0%BB%D0%BE%D0%B2%20%D0%BC%D0%BE%D1%81%D0%BA%D0%BE%D0%B2%D1%81%D0%BA%D0%B0%D1%8F%20%D0%BE%D0%B1%D0%BB%D0%B0%D1%81%D1%82%D1%8C%22
Q0160	права на квадроцикл со скольки лет можно	163	топ по широкой частотности	https://wordstat.yandex.ru/?region=1&words=%22%D0%BF%D1%80%D0%B0%D0%B2%D0%B0%20%D0%BD%D0%B0%20%D0%BA%D0%B2%D0%B0%D0%B4%D1%80%D0%BE%D1%86%D0%B8%D0%BA%D0%BB%20%D1%81%D0%BE%20%D1%81%D0%BA%D0%BE%D0%BB%D1%8C%D0%BA%D0%B8%20%D0%BB%D0%B5%D1%82%20%D0%BC%D0%BE%D0%B6%D0%BD%D0%BE%22
Q0161	с какими правами можно на квадроцикле	162	топ по широкой частотности	https://wordstat.yandex.ru/?region=1&words=%22%D1%81%20%D0%BA%D0%B0%D0%BA%D0%B8%D0%BC%D0%B8%20%D0%BF%D1%80%D0%B0%D0%B2%D0%B0%D0%BC%D0%B8%20%D0%BC%D0%BE%D0%B6%D0%BD%D0%BE%20%D0%BD%D0%B0%20%D0%BA%D0%B2%D0%B0%D0%B4%D1%80%D0%BE%D1%86%D0%B8%D0%BA%D0%BB%D0%B5%22
Q0162	детский квадроцикл 8 лет	162	топ по широкой частотности	https://wordstat.yandex.ru/?region=1&words=%22%D0%B4%D0%B5%D1%82%D1%81%D0%BA%D0%B8%D0%B9%20%D0%BA%D0%B2%D0%B0%D0%B4%D1%80%D0%BE%D1%86%D0%B8%D0%BA%D0%BB%208%20%D0%BB%D0%B5%D1%82%22
Q0163	можно детские квадроциклы	162	топ по широкой частотности	https://wordstat.yandex.ru/?region=1&words=%22%D0%BC%D0%BE%D0%B6%D0%BD%D0%BE%20%D0%B4%D0%B5%D1%82%D1%81%D0%BA%D0%B8%D0%B5%20%D0%BA%D0%B2%D0%B0%D0%B4%D1%80%D0%BE%D1%86%D0%B8%D0%BA%D0%BB%D1%8B%22
Q0164	тимбилдинг для детей	159	топ по широкой частотности	https://wordstat.yandex.ru/?region=1&words=%22%D1%82%D0%B8%D0%BC%D0%B1%D0%B8%D0%BB%D0%B4%D0%B8%D0%BD%D0%B3%20%D0%B4%D0%BB%D1%8F%20%D0%B4%D0%B5%D1%82%D0%B5%D0%B9%22
Q0165	где отметить день рождения в зеленограде	157	топ по широкой частотности	https://wordstat.yandex.ru/?region=1&words=%22%D0%B3%D0%B4%D0%B5%20%D0%BE%D1%82%D0%BC%D0%B5%D1%82%D0%B8%D1%82%D1%8C%20%D0%B4%D0%B5%D0%BD%D1%8C%20%D1%80%D0%BE%D0%B6%D0%B4%D0%B5%D0%BD%D0%B8%D1%8F%20%D0%B2%20%D0%B7%D0%B5%D0%BB%D0%B5%D0%BD%D0%BE%D0%B3%D1%80%D0%B0%D0%B4%D0%B5%22
Q0166	нужны ли права на квадроцикл в россии	156	топ по широкой частотности	https://wordstat.yandex.ru/?region=1&words=%22%D0%BD%D1%83%D0%B6%D0%BD%D1%8B%20%D0%BB%D0%B8%20%D0%BF%D1%80%D0%B0%D0%B2%D0%B0%20%D0%BD%D0%B0%20%D0%BA%D0%B2%D0%B0%D0%B4%D1%80%D0%BE%D1%86%D0%B8%D0%BA%D0%BB%20%D0%B2%20%D1%80%D0%BE%D1%81%D1%81%D0%B8%D0%B8%22