phrase	quoted
прокат квадроциклов	480
аренда квадроциклов	162
катание на квадроциклах	239
нужны ли права на квадроцикл	418
какие права на квадроцикл	76
права на квадроцикл со скольки лет	20
нужны ли права на снегоход	38
штраф за езду на квадроцикле без прав	9
правами можно ездить на квадроцикле	0
права на квадроцикл 2026	54
можно ездить на квадроцикле без прав	1
покататься на квадроциклах	173
как управлять квадроциклом	43
корпоратив на природе	19
экипировка для квадроцикла	73
катание на снегоходах	7
прокат снегоходов	4
прокат багги	37
тимбилдинг это простыми словами	721
организация корпоратива под ключ	12
где отметить день рождения взрослому	83
регистрация и права на квадроцикл	0
где можно кататься на квадроцикле без прав	0
права на квадроцикл 200 кубов	0
договор проката квадроцикла	1
нужны ли права на детский квадроцикл	15
катание на квадроциклах на двоих	0
багги или квадроцикл	3
прокат вездеходов	4
прокат квадроциклов в подмосковье	166
катание на квадроциклах в подмосковье	341
покататься на квадроциклах в подмосковье	243
квадроциклы покататься в подмосковье	338
прокат квадроциклов в москве	87
где покататься на квадроциклах	16
квадроциклы подмосковье	24
тимбилдинг	1818
тимбилдинг для сотрудников	71
тимбилдинг в подмосковье	49
тимбилдинг на природе	17
новогодний корпоратив	276
корпоратив подмосковье	1
корпоратив на квадроциклах	7
день рождения на квадроциклах	13
сертификат на катание на квадроциклах	14
со скольки лет можно кататься на квадроцикле	25
покататься с ребенком на квадроцикле	4
прокат детских квадроциклов	8
маршруты для квадроциклов в подмосковье	14
сколько стоит покататься на квадроциклах	7
активный отдых в подмосковье	91
куда поехать на выходные в подмосковье	299
багги подмосковье	14
катание на снегоходах в подмосковье	3
прокат снегоходов в подмосковье	7
прокат багги в подмосковье	45
прокат квадроциклов истра	14
подарок впечатление	320
мероприятия для сотрудников	1
квест для компании	20
где отметить день рождения	688
где необычно отметить день рождения	9
где отметить день рождения подростка	130
где провести мальчишник	9
где отметить детский день рождения	144
база отдыха квадроциклы подмосковье	0
хранение снегохода	0
хранение квадроцикла зимой	5
тест драйв квадроциклов	21
